step,theta,theta_dot,target_theta,tracking_err,u_lqr,epsilon,action,reward
0,-0.04270685678754575,0.00499571390638681,0.0,0.04270685678754575,-4.440108965366855,-0.027138367295265198,-0.054276734590530396,0.014356787004363394
1,-0.04239177804042321,0.017734842815431147,0.0,0.04239177804042321,-1.7241144378822935,-0.029599718749523163,-0.059199437499046326,0.014644780525504567
2,-0.04160520385219186,0.03287282615354216,0.0,0.04160520385219186,-0.18148812897146685,-0.03586703538894653,-0.07173407077789307,0.015932525176170526
3,-0.0403145875103889,0.04733431004224224,0.0,0.0403145875103889,0.6475946491812212,-0.043890852481126785,-0.08778170496225357,0.018294725818913074
4,-0.03856814358086937,0.05949925388044461,0.0,0.03856814358086937,1.0426301797570576,-0.052499111741781235,-0.10499822348356247,0.02163519407375855
5,-0.03645438331156323,0.06865955907537041,0.0,0.03645438331156323,1.1768276950169008,-0.05736356973648071,-0.11472713947296143,0.02577201569241118
6,-0.03407674615959616,0.07468765378347914,0.0,0.03407674615959616,1.15674715148476,-0.06128479540348053,-0.12256959080696106,0.030489762143600788
7,-0.031537690595611595,0.07779904960213467,0.0,0.031537690595611595,1.0524416742230323,-0.06444593518972397,-0.12889187037944794,0.03557372189265465
8,-0.028929581167856516,0.07839511996472459,0.0,0.028929581167856516,0.908583675156226,-0.06772243976593018,-0.13544487953186035,0.040829191093805825
9,-0.026330084887493305,0.07695386756320861,0.0,0.026330084887493305,0.7536850574624919,-0.07089830189943314,-0.14179660379886627,0.046091633127216175
10,-0.02380065330897282,0.07396043148746742,0.0,0.02380065330897282,0.6047062678541019,-0.07382563501596451,-0.14765127003192902,0.05123010338620148
11,-0.02138692099213354,0.06986499814243786,0.0,0.02138692099213354,0.4709707231595472,-0.07632920891046524,-0.15265841782093048,0.05614664042545031
12,-0.019120217928636708,0.0650608468654342,0.0,0.019120217928636708,0.3567325851050955,-0.07846634835004807,-0.15693269670009613,0.06077322486295172
13,-0.017019625367932913,0.05987496425847363,0.0,0.017019625367932913,0.2631258008326218,-0.08027838915586472,-0.16055677831172943,0.06506759361191429
14,-0.015094220622840325,0.054567095740734345,0.0,0.015094220622840325,0.18932948424111698,-0.08180846273899078,-0.16361692547798157,0.06900860871237523
15,-0.013345273571689315,0.049334168616045414,0.0,0.013345273571689315,0.13340018401380419,-0.08312921971082687,-0.16625843942165375,0.07259169147697012
16,-0.011768239363256302,0.04431865512855192,0.0,0.011768239363256302,0.09286658903359422,-0.08459503203630447,-0.16919006407260895,0.07582462272549283
17,-0.010354482367453696,0.03961500066757614,0.0,0.010354482367453696,0.06529847745100381,-0.08586219698190689,-0.17172439396381378,0.07872404222751642
18,-0.009092760329310546,0.0352789387420159,0.0,0.009092760329310546,0.04799008699905781,-0.08695950359106064,-0.17391900718212128,0.08131225444242127
19,-0.00797039748073725,0.03133614813811221,0.0,0.00797039748073725,0.03852118184144162,-0.08791305869817734,-0.17582611739635468,0.0836147604801932
20,-0.006974181178977181,0.02778993362845044,0.0,0.006974181178977181,0.03481346777498214,-0.08874530345201492,-0.17749060690402985,0.08565835726238319
21,-0.006091024711351888,0.024627072595630534,0.0,0.006091024711351888,0.03514460395148914,-0.08928821235895157,-0.17857642471790314,0.08746975341513999
22,-0.00530843556280758,0.021824096467539075,0.0,0.00530843556280758,0.03800757487215867,-0.08968693763017654,-0.1793738752603531,0.0890745131995522
23,-0.004614792219996999,0.01935178548965304,0.0,0.004614792219996999,0.042351763907436904,-0.09004019945859909,-0.18008039891719818,0.09049646962833394
24,-0.003999491998953693,0.017178150608280252,0.0,0.003999491998953693,0.04745004702981492,-0.09035532921552658,-0.18071065843105316,0.09175740869272192
25,-0.003453011705345585,0.0152706521867999,0.0,0.003453011705345585,0.052770138128792984,-0.09063762426376343,-0.18127524852752686,0.09287692427357695
26,-0.002966903565686868,0.013597747437545967,0.0,0.002966903565686868,0.05794413683221175,-0.09088815003633499,-0.18177630007266998,0.09387241363640769
27,-0.0025337461292946313,0.012129992050123176,0.0,0.0025337461292946313,0.06273468167142339,-0.09113074094057083,-0.18226148188114166,0.09475916557529682
28,-0.0021470653075172075,0.010840610162631537,0.0,0.0021470653075172075,0.06702177532015115,-0.09137371927499771,-0.18274743854999542,0.09555051969861143
29,-0.001801242786025923,0.009705599284167768,0.0,0.001801242786025923,0.07075927141404081,-0.0915839746594429,-0.1831679493188858,0.09625805698523106
30,-0.0014914219420657734,0.008703858887979355,0.0,0.0014914219420657734,0.0739251586978746,-0.0917697474360466,-0.1835394948720932,0.09689178401542964
31,-0.0012134115801124932,0.007817115898042393,0.0,0.0012134115801124932,0.07654465993908631,-0.09193815290927887,-0.18387630581855774,0.09746033140682618
32,-0.0009635941639291451,0.007029711148261617,0.0,0.0009635941639291451,0.07867049555241153,-0.09209088981151581,-0.18418177962303162,0.09797114353091198
33,-0.0007388421262839043,0.006328330776759032,0.0,0.0007388421262839043,0.08036602503277734,-0.09222935885190964,-0.18445871770381927,0.09843065124623948
34,-0.0005364435099912251,0.00570171602820868,0.0,0.0005364435099912251,0.08169753984943208,-0.09235485643148422,-0.18470971286296844,0.0988444257948998
35,-0.0003540373255582988,0.005140374283441609,0.0,0.0003540373255582988,0.08272917947438414,-0.09246853739023209,-0.18493707478046417,0.09921731281914425
36,-0.0001895583356120343,0.004636308957020914,0.0,0.0001895583356120343,0.08351972090711912,-0.09257207065820694,-0.18514414131641388,0.09955354687087116
37,-4.119054251203793e-05,0.004182772722543057,0.0,4.119054251203793e-05,0.08412126995392986,-0.09266681224107742,-0.18533362448215485,0.09985684807194878
38,9.267141555795763e-05,0.0037740445506995166,0.0,9.267141555795763e-05,0.08457824961855576,-0.09275242686271667,-0.18550485372543335,0.09957447406830319
39,0.00021345392052531537,0.0034052461508509027,0.0,0.00021345392052531537,0.08492632033875697,-0.09282974153757095,-0.1856594830751419,0.09928204734643947
40,0.00032243032769371804,0.0030721875154903996,0.0,0.00032243032769371804,0.0851942135756518,-0.09289948642253876,-0.18579897284507751,0.09909255356166964
41,0.00042074214076070896,0.0027712398290859618,0.0,0.00042074214076070896,0.08540440819756745,-0.0929623618721962,-0.1859247237443924,0.0989216419139573
42,0.0005094162815692693,0.0024992325508162265,0.0,0.0005094162815692693,0.08557401863109877,-0.0930190309882164,-0.1860380619764328,0.0987675316685121
43,0.0005893792137405719,0.0022533711013450774,0.0,0.0005893792137405719,0.0857157036757888,-0.09307008236646652,-0.18614016473293304,0.0986286100852803
44,0.0006614685615755234,0.002031171795932749,0.0,0.0006614685615755234,0.08583850879311877,-0.09311602264642715,-0.1862320452928543,0.09850341493921737
45,0.0007264427604815,0.0018304112497913435,0.0,0.0007264427604815,0.08594863131872722,-0.09315737336874008,-0.18631474673748016,0.09839061971764146
46,0.0007849891784227467,0.0016490869285277483,0.0,0.0007849891784227467,0.08605015561638339,-0.09319459646940231,-0.18638919293880463,0.09828902087878688
47,0.0008377309980547828,0.001485381990739854,0.0,0.0008377309980547828,0.08614560162937772,-0.09322688728570938,-0.18645377457141876,0.09819752708472142
48,0.000885233017615344,0.0013376375661347715,0.0,0.000885233017615344,0.08623555497394117,-0.09325280040502548,-0.18650560081005096,0.09811515006690202
49,0.0009280068395176806,0.0012043524924094803,0.0,0.0009280068395176806,0.08631899992848004,-0.09327609837055206,-0.18655219674110413,0.09804099487444183
50,0.0009665159113573387,0.001084163080913443,0.0,0.0009665159113573387,0.08639756382583783,-0.09329700469970703,-0.18659400939941406,0.0979742509514
51,0.0010011798988109556,0.0009758284237214893,0.0,0.0010011798988109556,0.08647197016369947,-0.09331584721803665,-0.1866316944360733,0.0979141847937384
52,0.001032378606142882,0.0008782179134259352,0.0,0.001032378606142882,0.08654252543203106,-0.09333276003599167,-0.18666552007198334,0.09786013318471101
53,0.0010604555164465998,0.0007903015560618247,0.0,0.0010604555164465998,0.08660921240602537,-0.09334796667098999,-0.18669593334197998,0.097811496979
54,0.0010857210300030038,0.0007111415571185328,0.0,0.0010857210300030038,0.08667194631388676,-0.09336165338754654,-0.18672330677509308,0.09776773534858167
55,0.0011084554345200338,0.0006398847444288945,0.0,0.0011084554345200338,0.08673063585494238,-0.09337394684553146,-0.18674789369106293,0.09772836048922147
56,0.0011289116365663014,0.0005757560756946279,0.0,0.0011289116365663014,0.08678519942565327,-0.09338503330945969,-0.18677006661891937,0.09769293272103641
57,0.001147317679917167,0.000518052187398207,0.0,0.001147317679917167,0.08683564960871504,-0.09339498728513718,-0.18678997457027435,0.0976610559874449
58,0.0011638790579619272,0.0004661357883537941,0.0,0.0011638790579619272,0.08688201656163125,-0.09340394288301468,-0.18680788576602936,0.09763237371661371
59,0.0011787808438740045,0.00041943028021874907,0.0,0.0011787808438740045,0.0869244136195146,-0.09341201186180115,-0.1868240237236023,0.09760656501232898
60,0.0011921896435987548,0.00037741452063813445,0.0,0.0011921896435987548,0.08696301079574001,-0.09341925382614136,-0.18683850765228271,0.09758334118704584
61,0.001204255381181513,0.000339618200621356,0.0,0.001204255381181513,0.08699799233314427,-0.09342578053474426,-0.18685156106948853,0.09756244259002315
62,0.0012151129328910814,0.0003056173394475919,0.0,0.0012151129328910814,0.08702959783933735,-0.09343167394399643,-0.18686334788799286,0.0975436357155359
63,0.0012248836116625279,0.00027502979495144006,0.0,0.0012248836116625279,0.08705808451851337,-0.09343693405389786,-0.18687386810779572,0.09752671060815593
64,0.0012336765132778139,0.0002475118422815019,0.0,0.0012336765132778139,0.08708366634916048,-0.09344171732664108,-0.18688343465328217,0.09751147847971502
65,0.00124158974427014,0.00022275408641463272,0.0,0.00124158974427014,0.08710663936127808,-0.09344599395990372,-0.18689198791980743,0.09749776957614667
66,0.0012487115225952,0.00020047838716033903,0.0,0.0012487115225952,0.08712721649122483,-0.09344985336065292,-0.18689970672130585,0.09748543125712653
67,0.0012551211782565715,0.000180434763554155,0.0,0.0012551211782565715,0.08714564103567023,-0.09345334023237228,-0.18690668046474457,0.09747432624964779
68,0.0012608900524107086,0.0001623984570801005,0.0,0.0012608900524107086,0.08716213828591098,-0.0934564620256424,-0.1869129240512848,0.09746433109817045
69,0.0012660823044861479,0.00014616751129030485,0.0,0.0012660823044861479,0.08717689268925047,-0.09345927089452744,-0.18691854178905487,0.09745533476338776
70,0.0012707556413618613,0.00013156047910535396,0.0,0.0012707556413618613,0.08719009092038796,-0.09346180409193039,-0.18692360818386078,0.0974472373564453
71,0.0012749619722684812,0.00011841429852880993,0.0,0.0012749619722684812,0.08720190568536838,-0.09346408396959305,-0.1869281679391861,0.09743994900962999
72,0.001278747996142044,0.00010658243292927804,0.0,0.001278747996142044,0.08721248669896153,-0.0934661403298378,-0.1869322806596756,0.0974333888621959
73,0.0012821557293760928,9.593316936195712e-05,0.0,0.0012821557293760928,0.08722197122968996,-0.09346799552440643,-0.18693599104881287,0.09742748414954568
74,0.001285222978376693,8.634802012410339e-05,0.0,0.001285222978376693,0.0872304803547569,-0.09346964955329895,-0.1869392991065979,0.09742216939323982
75,0.0012879837628539347,7.772047611098487e-05,0.0,0.0012879837628539347,0.08723810721152742,-0.09347113966941833,-0.18694227933883667,0.09741738566600934
76,0.0012904686990868708,6.995481543503029e-05,0.0,0.0012904686990868708,0.08724495151596523,-0.09347249567508698,-0.18694499135017395,0.09741307992482158
77,0.0012927053427621011,6.296483012424293e-05,0.0,0.0012927053427621011,0.0872511088658478,-0.09347369521856308,-0.18694739043712616,0.09740920442929436
78,0.0012947184953539998,5.6673136506893785e-05,0.0,0.0012947184953539998,0.0872566345275702,-0.09347481280565262,-0.18694962561130524,0.09740571619987476
79,0.0012965304828035967,5.1009896015119345e-05,0.0,0.0012965304828035967,0.08726162490744863,-0.09347578138113022,-0.18695156276226044,0.09740257655214246
80,0.0012981613988061714,4.591236416440895e-05,0.0,0.0012981613988061714,0.08726610139502382,-0.09347666800022125,-0.1869533360004425,0.09739975066817687
81,0.0012996293306218615,4.132400389844877e-05,0.0,0.0012996293306218615,0.08727013299899261,-0.09347745031118393,-0.18695490062236786,0.09739720720674568
82,0.0013009505590588924,3.719405625213362e-05,0.0,0.0013009505590588924,0.08727375357107169,-0.09347818046808243,-0.18695636093616486,0.09739491795063258
83,0.0013021397421363998,3.34768089021609e-05,0.0,0.0013021397421363998,0.08727702666179474,-0.09347884356975555,-0.1869576871395111,0.0973928574922046
84,0.0013032100740119285,3.0130905955501212e-05,0.0,0.0013032100740119285,0.08727998577072299,-0.09347939491271973,-0.18695878982543945,0.09739100297480284
85,0.0013041734280954613,2.7119325220488546e-05,0.0,0.0013041734280954613,0.0872826263176985,-0.09347992390394211,-0.18695984780788422,0.09738933382346453
86,0.0013050404943363717,2.4408710722260017e-05,0.0,0.0013050404943363717,0.08728501317067308,-0.09348040074110031,-0.18696080148220062,0.09738783150955024
87,0.0013058208959884573,2.196902759444594e-05,0.0,0.0013058208959884573,0.08728716845626848,-0.09348083287477493,-0.18696166574954987,0.09738647935499128
88,0.0013065232948028173,1.977313201636344e-05,0.0,0.0013065232948028173,0.0872891147365458,-0.09348119795322418,-0.18696239590644836,0.0973852623549792
89,0.0013071554859389308,1.7796742612253788e-05,0.0,0.0013071554859389308,0.08729085413928757,-0.09348155558109283,-0.18696311116218567,0.09738416699985541
90,0.0013077244869402326,1.601784269633849e-05,0.0,0.0013077244869402326,0.08729243275255752,-0.09348184615373611,-0.18696369230747223,0.09738318113298342
91,0.0013082366128943778,1.4416798950654294e-05,0.0,0.0013082366128943778,0.08729383983720358,-0.09348214417695999,-0.18696428835391998,0.09738229380830957
92,0.0013086975498845163,1.2975769304341283e-05,0.0,0.0013086975498845163,0.08729512352811902,-0.09348238259553909,-0.18696476519107819,0.09738149517477562
93,0.0013091124134924886,1.167873744580266e-05,0.0,0.0013091124134924886,0.08729626839850073,-0.0934825986623764,-0.1869651973247528,0.09738077637253477
94,0.001309485808360087,1.0511383734690912e-05,0.0,0.001309485808360087,0.08729729395609921,-0.09348281472921371,-0.18696562945842743,0.0973801294192255
95,0.0013098218814010746,9.460802503214569e-06,0.0,0.0013098218814010746,0.08729822908177892,-0.09348301589488983,-0.18696603178977966,0.09737954712403171
96,0.0013101243648906934,8.515192968887921e-06,0.0,0.0013101243648906934,0.08729908205723871,-0.09348315745592117,-0.18696631491184235,0.09737902302708056
97,0.0013103966145722242,7.664057727383039e-06,0.0,0.0013103966145722242,0.08729982903974322,-0.09348329901695251,-0.18696659803390503,0.09737855131828765
98,0.001310641651546473,6.898007144024514e-06,0.0,0.001310641651546473,0.08730049923682305,-0.09348344057798386,-0.1869668811559677,0.0973781267595756
99,0.0013108621962549007,6.208530708307443e-06,0.0,0.0013108621962549007,0.08730111099869242,-0.09348355978727341,-0.18696711957454681,0.09737774463624636
100,0.001073727833196858,-0.022314962358247332,-0.05817178589192784,0.059245513725124696,6.1323833012333475,-0.09348366409540176,-0.18696732819080353,0.09697393057875196
101,-5.1622748331053674e-05,-0.052580184536635474,-0.05817178589192784,0.05812016314359679,2.035203983411649,-0.11080797761678696,-0.2216159552335739,0.09839309585803403
102,-0.0022092464499937252,-0.0829709140327643,-0.05817178589192784,0.05596253944193411,-0.18062517809395978,-0.11761210113763809,-0.23522420227527618,0.09359058510003701
103,-0.005337275852130909,-0.1093011161947674,-0.05817178589192784,0.05283451003979693,-1.2700671688726526,-0.12116822600364685,-0.2423364520072937,0.086988421888137
104,-0.009268598158885111,-0.12966527010362314,-0.05817178589192784,0.04890318773304273,-1.689154031859529,-0.12345100194215775,-0.2469020038843155,0.07891086248380283
105,-0.013794079820963359,-0.14358917578627725,-0.05817178589192784,0.04437770607096448,-1.7193477104893053,-0.11800530552864075,-0.2360106110572815,0.06975786323083767
106,-0.018701439028919718,-0.15142016589913973,-0.05817178589192784,0.03947034686300813,-1.54129685554244,-0.1095399335026741,-0.2190798670053482,0.05993347285515994
107,-0.02379684005631638,-0.1539403008922528,-0.05817178589192784,0.03437494583561146,-1.2646417300015835,-0.10001614689826965,-0.2000322937965393,0.049804705870151275
108,-0.02891569618056348,-0.15211945492839057,-0.05817178589192784,0.029256089711364362,-0.9558335538622302,-0.09009232372045517,-0.18018464744091034,0.03968149101670061
109,-0.03392685233215023,-0.1469834131199391,-0.05817178589192784,0.02424493355977761,-0.6542374691605758,-0.07357031106948853,-0.14714062213897705,0.02980828083128935
110,-0.03873277260879446,-0.1394901230270711,-0.05817178589192784,0.019439013283133383,-0.3861060284416451,-0.054524555802345276,-0.10904911160469055,0.020365868907701756
111,-0.04326626257720739,-0.13046547762975458,-0.05817178589192784,0.014905523314720448,-0.16165176480864296,-0.03674358129501343,-0.07348716259002686,0.011477690932510429
112,-0.047485787699728776,-0.12059339280342614,-0.05817178589192784,0.010685998192199064,0.01870162081900988,-0.019355349242687225,-0.03871069848537445,0.00321828008289253
113,-0.051370647074549844,-0.11040953395674892,-0.05817178589192784,0.006801138817377997,0.1572470382802884,-0.003960438072681427,-0.007920876145362854,-0.10437691147211607
114,-0.05491616982292827,-0.10031576555940956,-0.05817178589192784,0.003255616068999573,0.2595047699353469,0.009591586887836456,0.019183173775672913,-0.11130260517544859
115,-0.05812939186672077,-0.09058930353588514,-0.05817178589192784,4.239402520707369e-05,0.33141448334701,0.019012711942195892,0.038025423884391785,-0.11757502686644329
116,-0.06102523093157077,-0.08141132678282613,-0.05817178589192784,0.002853445039642931,0.38046921782791615,0.025348933413624763,0.05069786682724953,-0.1289320792167187
117,-0.06362366229308435,-0.07289516543582601,-0.05817178589192784,0.005451876401156505,0.4123595761703497,0.030919274315238,0.061838548630476,-0.13349051421947358
118,-0.06594761143975887,-0.06509360156862526,-0.05817178589192784,0.007775825547831031,0.4304883540666469,0.03432319313287735,0.0686463862657547,-0.13747385210462354
119,-0.06802106407023592,-0.058008997686118294,-0.05817178589192784,0.00984927817830808,0.43914506410482024,0.03398888558149338,0.06797777116298676,-0.14101603065525478
120,-0.06986769066587074,-0.05161944317974857,-0.05817178589192784,0.011695904773942903,0.44291003876327123,0.03239445015788078,0.06478890031576157,-0.14416298008636372
121,-0.0715102319906676,-0.0458904575183463,-0.05817178589192784,0.013338446098739756,0.4434737860327704,0.030822303146123886,0.06164460629224777,-0.14695752818204935
122,-0.07297015022559761,-0.0407785637044511,-0.05817178589192784,0.014798364333669767,0.4414839841326711,0.029338741675019264,0.05867748335003853,-0.1494391468713478
123,-0.07426737082548733,-0.03623429364170278,-0.05817178589192784,0.01609558493355949,0.43767061537757934,0.027843963354825974,0.05568792670965195,-0.1516436769329495
124,-0.07542011398231493,-0.03220436980183389,-0.05817178589192784,0.017248328090387094,0.43280280878805105,0.026047294959425926,0.05209458991885185,-0.15360318961154917
125,-0.07644480181803545,-0.028634374417210978,-0.05817178589192784,0.01827301592610761,0.4277038905332709,0.02378689870238304,0.04757379740476608,-0.15534601019265196
126,-0.07735611141917557,-0.02547664365531717,-0.05817178589192784,0.019184325527247734,0.42306065634040046,0.022478315979242325,0.04495663195848465,-0.15689736462225715
127,-0.07816717195465372,-0.02268564583972032,-0.05817178589192784,0.019995386062725884,0.4183514016677411,0.021313071250915527,0.042626142501831055,-0.1582796867367716
128,-0.07888963407849073,-0.020218965660076083,-0.05817178589192784,0.020717848186562887,0.41385526202035217,0.020265167579054832,0.040530335158109665,-0.15951267856382226
129,-0.07953378186741736,-0.018037838134990783,-0.05817178589192784,0.021361995975489517,0.4097492997742435,0.019318724051117897,0.038637448102235794,-0.1606136034305109
130,-0.08010865881512329,-0.01610742007423383,-0.05817178589192784,0.021936872923195447,0.4061272925388754,0.018473396077752113,0.03694679215550423,-0.16159756558166422
131,-0.0806221989070483,-0.014396754922472162,-0.05817178589192784,0.022450413015120463,0.4030138918480055,0.01771765947341919,0.03543531894683838,-0.16247777565214522
132,-0.08108135417271768,-0.012878593979810695,-0.05817178589192784,0.02290956828078984,0.40039641874608,0.017041463404893875,0.03408292680978775,-0.1632657933100953
133,-0.08149221490025878,-0.01152912466953884,-0.05817178589192784,0.023320429008330937,0.3982382149093008,0.01643596589565277,0.03287193179130554,-0.1639717467615356
134,-0.08186011999850253,-0.010327647491632197,-0.05817178589192784,0.023688334106574685,0.3964890487147802,0.015893395990133286,0.03178679198026657,-0.1646045274698304
135,-0.08218975624441112,-0.00925623325988459,-0.05817178589192784,0.02401797035248328,0.39509280376718947,0.015407022088766098,0.030814044177532196,-0.16517196039772505
136,-0.08248524607126399,-0.008299382022275734,-0.05817178589192784,0.024313460179336152,0.3939928200288212,0.014970839023590088,0.029941678047180176,-0.16568095107049466
137,-0.08275022417902773,-0.007443699439499832,-0.05817178589192784,0.024578438287099894,0.39313555646521825,0.014579569920897484,0.029159139841794968,-0.1661376114377942
138,-0.08298790368470424,-0.006677599420522751,-0.05817178589192784,0.0248161177927764,0.3924727081500579,0.014228468760848045,0.02845693752169609,-0.1665473668461111
139,-0.08320113277309368,-0.0059910388116989335,-0.05817178589192784,0.025029346881165843,0.3919623326657108,0.013913441449403763,0.027826882898807526,-0.16691504657516176
140,-0.08339244293724705,-0.005375284649407576,-0.05817178589192784,0.025220657045319214,0.3915690476524309,0.013630777597427368,0.027261555194854736,-0.16724496027111788
141,-0.08356408989341328,-0.0048227137970545805,-0.05817178589192784,0.02539230400148544,0.3912638922526442,0.013377143070101738,0.026754286140203476,-0.16754096243284552
142,-0.08371808822797705,-0.004326642964065419,-0.05817178589192784,0.02554630233604921,0.39102379745781524,0.013149550184607506,0.02629910036921501,-0.16780650693872112
143,-0.0838562407560364,-0.0038811865137889355,-0.05817178589192784,0.025684454864108558,0.390830863011999,0.012945421040058136,0.025890842080116272,-0.1680446933658216
144,-0.08398016346337868,-0.003481137598992003,-0.05817178589192784,0.02580837757145084,0.3906714977400524,0.012762323021888733,0.025524646043777466,-0.16825830651404922
145,-0.08409130677286278,-0.0031218703205284875,-0.05817178589192784,0.025919520880934938,0.3905357548573946,0.012598134577274323,0.025196269154548645,-0.16844985037123605
146,-0.08419097378760172,-0.002799258955850007,-0.05817178589192784,0.02601918789567388,0.39041653722506686,0.01245090365409851,0.02490180730819702,-0.16862157753773488
147,-0.08428033604248435,-0.0025096117358712057,-0.05817178589192784,0.026108550150556506,0.39030899158389554,0.012318916618824005,0.02463783323764801,-0.1687755149266449
148,-0.08436044720947242,-0.0022496161002369423,-0.05817178589192784,0.026188661317544576,0.39020991627619755,0.012200603261590004,0.024401206523180008,-0.16891348639094478
149,-0.08443225510999228,-0.002016293453555831,-0.05817178589192784,0.026260469218064436,0.3901173328499454,0.012094572186470032,0.024189144372940063,-0.1690371327931822
150,-0.08449661232216545,-0.0018069612040229166,-0.05817178589192784,0.026324826430237605,0.390030099730124,0.011999528855085373,0.023999057710170746,-0.1691479299167052
151,-0.08455428560828245,-0.001619201014598535,-0.05817178589192784,0.026382499716354604,0.3899476612408133,0.011914361268281937,0.023828722536563873,-0.16924720455341183
152,-0.08460596435114577,-0.0014508318039382706,-0.05817178589192784,0.02643417845921793,0.3898697844538653,0.011838115751743317,0.023676231503486633,-0.16933614903535177
153,-0.08465226813274601,-0.0012998855272634152,-0.05817178589192784,0.02648048224081817,0.38979638450372767,0.011769736185669899,0.023539472371339798,-0.16941583432345544
154,-0.08469375355861487,-0.0011645872392606062,-0.05817178589192784,0.026521967666687032,0.38972757605088504,0.011708516627550125,0.02341703325510025,-0.16948722190506166
155,-0.08473092044324942,-0.0010433364942581199,-0.05817178589192784,0.026559134551321584,0.3896633768325004,0.011653665453195572,0.023307330906391144,-0.16955117459584632
156,-0.08476421740299303,-0.0009346909867164129,-0.05817178589192784,0.02659243151106519,0.3896038285218862,0.01160450279712677,0.02320900559425354,-0.1696084663150655
157,-0.0847940469296743,-0.0008373520846074986,-0.05817178589192784,0.026622261037746453,0.3895489270790998,0.01156049408018589,0.02312098816037178,-0.1696597909902602
158,-0.08482076999491851,-0.0007501510982112993,-0.05817178589192784,0.026648984102990672,0.3894985599868751,0.011521045118570328,0.023042090237140656,-0.1697057706099918
159,-0.08484471021682204,-0.0006720372505737042,-0.05817178589192784,0.026672924324894196,0.38945261213802607,0.011485707014799118,0.022971414029598236,-0.16974696251807628
160,-0.08486615763965052,-0.0006020665397462479,-0.05817178589192784,0.026694371747722684,0.38941088816019137,0.011454068124294281,0.022908136248588562,-0.16978386602911685
161,-0.08488537215130683,-0.0005393912237079039,-0.05817178589192784,0.026713586259378988,0.38937314445935484,0.011425681412220001,0.022851362824440002,-0.16981692837545534
162,-0.08490258656861734,-0.00048325087208783766,-0.05817178589192784,0.026730800676689495,0.389339158920914,0.011400282382965088,0.022800564765930176,-0.16984655009814958
163,-0.08491800943030446,-0.00043296358524020696,-0.05817178589192784,0.02674622353837662,0.38930862306954245,0.01137753576040268,0.02275507152080536,-0.16987308990155806
164,-0.08493182750614653,-0.0003879180037565802,-0.05817178589192784,0.026760041614218688,0.3892812548729808,0.01135711744427681,0.02271423488855362,-0.16989686898832293
165,-0.08494420805551862,-0.0003475666004183137,-0.05817178589192784,0.026772422163590784,0.38925680680108293,0.011338859796524048,0.022677719593048096,-0.16991817499043027
166,-0.08495530086504455,-0.0003114189037950456,-0.05817178589192784,0.026783514973116707,0.389234970683363,0.011322490870952606,0.022644981741905212,-0.16993726548480478
167,-0.08496524007112997,-0.00027903574833683164,-0.05817178589192784,0.026793454179202134,0.3892155011130475,0.01130782812833786,0.02261565625667572,-0.1699543711357622
168,-0.08497414579731623,-0.0002500238781234179,-0.05817178589192784,0.026802359905388387,0.38919815198048113,0.011294670403003693,0.022589340806007385,-0.16996969851472488
169,-0.08498212562107893,-0.00022403133591338375,-0.05817178589192784,0.02681033972915109,0.3891827124731373,0.011282891035079956,0.022565782070159912,-0.16998343263271626
170,-0.08498927589105389,-0.00020074304281886754,-0.05817178589192784,0.026817489999126046,0.3891689623619758,0.011272329837083817,0.022544659674167633,-0.1699957392042237
171,-0.08499568290377735,-0.00017987697349748882,-0.05817178589192784,0.026823897011849507,0.3891567187484337,0.011262867599725723,0.022525735199451447,-0.17000676666895304
172,-0.08500142395879925,-0.00016118073383452415,-0.05817178589192784,0.026829638066871414,0.3891458100093056,0.011254407465457916,0.022508814930915833,-0.17001664800931215
173,-0.08500656830203399,-0.00014442825396623955,-0.05817178589192784,0.026834782410106145,0.3891360720630378,0.011246807873249054,0.022493615746498108,-0.17002550236000102
174,-0.0850111779669626,-0.00012941721213720396,-0.05817178589192784,0.02683939207503476,0.3891273903252896,0.011240016669034958,0.022480033338069916,-0.1700334364594607
175,-0.08501530852940144,-0.00011596622231707609,-0.05817178589192784,0.026843522637473596,0.38911963033642527,0.011233881115913391,0.022467762231826782,-0.17004054593235757
176,-0.08501900977946622,-0.00010391310842246837,-0.05817178589192784,0.02684722388753838,0.3891127264695929,0.011228427290916443,0.022456854581832886,-0.17004691646441833
177,-0.08502232633239266,-9.311256661788844e-05,-0.05817178589192784,0.026850540440464823,0.389106540389848,0.01122353971004486,0.02244707942008972,-0.17005262484604267
178,-0.08502529816545328,-8.343435625871074e-05,-0.05817178589192784,0.026853512273525434,0.38910099856011165,0.011219143867492676,0.02243828773498535,-0.1700577398817801
179,-0.08502796109971823,-7.476184479337443e-05,-0.05817178589192784,0.026856175207790392,0.3890960444811863,0.0112152099609375,0.022430419921875,-0.1700623232259411
180,-0.08503034723387679,-6.69905151548332e-05,-0.05817178589192784,0.026858561341948944,0.3890916078223817,0.011211678385734558,0.022423356771469116,-0.17006643012766984
181,-0.08503248533225648,-6.002685343480575e-05,-0.05817178589192784,0.026860699440328636,0.38908763705251753,0.011208545416593552,0.022417090833187103,-0.1700701101055644
182,-0.08503440117420401,-5.3786994708322454e-05,-0.05817178589192784,0.026862615282276167,0.38908405894644754,0.011205736547708511,0.022411473095417023,-0.17007340754009095
183,-0.08503611786042607,-4.81956261641186e-05,-0.05817178589192784,0.02686433196849823,0.38908084145757266,0.011203184723854065,0.02240636944770813,-0.1700763621883824
184,-0.08503765608829804,-4.3185346855373444e-05,-0.05817178589192784,0.026865870196370198,0.38907797505589065,0.011200904846191406,0.022401809692382812,-0.1700790096718108
185,-0.08503903440502401,-3.869583598825484e-05,-0.05817178589192784,0.026867248513096173,0.3890754106202903,0.011198878288269043,0.022397756576538086,-0.17008138191857342
186,-0.08504026943135161,-3.467290611436458e-05,-0.05817178589192784,0.026868483539423768,0.38907310299558057,0.011197034269571304,0.02239406853914261,-0.17008350753433654
187,-0.08504137606032637,-3.1068207022166704e-05,-0.05817178589192784,0.02686959016839853,0.3890710480872888,0.011195424944162369,0.022390849888324738,-0.1700854121599786
188,-0.08504236764043156,-2.7838226309206638e-05,-0.05817178589192784,0.026870581748503722,0.38906918404275853,0.011193953454494476,0.022387906908988953,-0.17008711877228377
189,-0.08504325613123206,-2.4944011892745432e-05,-0.05817178589192784,0.026871470239304224,0.389067520523035,0.01119263842701912,0.02238527685403824,-0.17008864795385925
190,-0.08504405224926002,-2.2350667877485614e-05,-0.05817178589192784,0.026872266357332183,0.38906603107218435,0.011191461235284805,0.02238292247056961,-0.1700900181499419
191,-0.08504476559746957,-2.0026940005437425e-05,-0.05817178589192784,0.026872979705541727,0.38906469604083943,0.011190410703420639,0.022380821406841278,-0.17009124589014896
192,-0.08504540478116228,-1.794480678799522e-05,-0.05817178589192784,0.026873618889234438,0.3890634964158394,0.011189468204975128,0.022378936409950256,-0.17009234598635667
193,-0.08504597751159533,-1.607919238905563e-05,-0.05817178589192784,0.02687419161966749,0.3890624202644642,0.011188633739948273,0.022377267479896545,-0.17009333171324317
194,-0.08504649069902874,-1.4407555808461296e-05,-0.05817178589192784,0.0268747048071009,0.38906144843033297,0.011187873780727386,0.022375747561454773,-0.1700942149632813
195,-0.0850469505337647,-1.2909669407209381e-05,-0.05817178589192784,0.026875164641836854,0.38906058180682296,0.011187180876731873,0.022374361753463745,-0.17009500638573571
196,-0.08504736256061063,-1.156742618385657e-05,-0.05817178589192784,0.026875576668682788,0.3890598158624511,0.011186555027961731,0.022373110055923462,-0.17009571551937638
197,-0.08504773174840087,-1.0364778623245571e-05,-0.05817178589192784,0.02687594585647303,0.3890591387888729,0.011186033487319946,0.022372066974639893,-0.17009635092352315
198,-0.08504806255300391,-9.287223482098098e-06,-0.05817178589192784,0.026876276661076073,0.38905851035672223,0.011185552924871445,0.02237110584974289,-0.17009692027178497
199,-0.08504835896671768,-8.321735403024813e-06,-0.05817178589192784,0.026876573074789842,0.3890579439780517,0.011185117065906525,0.02237023413181305,-0.17009743043391928
200,-0.08471850351009422,0.03103958643781525,0.022742972726930676,0.1074614762370249,-8.019422965945822,0.01118471845984459,0.02236943691968918,-0.17065913088545576
201,-0.08315018252652775,0.07341859443777932,0.022742972726930676,0.10589315525345844,-2.3204009344092458,-0.04088336229324341,-0.08176672458648682,-0.168402973791378
202,-0.0801342191945265,0.11612856978744841,0.022742972726930676,0.10287719192145717,0.8133564697850312,-0.04644964262843132,-0.09289928525686264,-0.16305890354642416
203,-0.07575279732125584,0.15325112350826978,0.022742972726930676,0.09849577004818652,2.366982643964268,-0.05193663761019707,-0.10387327522039413,-0.1547867289446545
204,-0.07023709261321749,0.18208996692907656,0.022742972726930676,0.09298006534014816,2.9763915168176767,-0.0626990795135498,-0.1253981590270996,-0.14406297886485045
205,-0.06387801607485184,0.20194954782023034,0.022742972726930676,0.08662098880178251,3.039798824770842,-0.08254387974739075,-0.1650877594947815,-0.13149443300234956
206,-0.05697205904454194,0.21327408753070665,0.022742972726930676,0.07971503177147261,2.808997572510103,-0.10156361013650894,-0.20312722027301788,-0.1177018654353093
207,-0.04979147538557387,0.21710157700679017,0.022742972726930676,0.07253444811250455,2.4347111423894656,-0.11305376887321472,-0.22610753774642944,-0.003257445962519187
208,-0.04256937746145508,0.21474511141937694,0.022742972726930676,0.06531235018838576,2.00590131435164,-0.11944370716810226,-0.23888741433620453,0.011346087430239793
209,-0.035493778935627496,0.20757285552818736,0.022742972726930676,0.05823675166255817,1.5779365937603704,-0.11992763727903366,-0.23985527455806732,0.02570939787816323
210,-0.02870755169420853,0.1968957070301075,0.022742972726930676,0.051450524421139204,1.1815889104648414,-0.11945781111717224,-0.23891562223434448,0.03952633850149654
211,-0.02231143278948137,0.1838927672894136,0.022742972726930676,0.045054405516412044,0.8354159226681475,-0.12078347057104111,-0.24156694114208221,0.05257861496129375
212,-0.01636917920820011,0.1695585707480142,0.022742972726930676,0.03911215193513079,0.5482184143788907,-0.12215773016214371,-0.24431546032428741,0.06472596662748033
213,-0.01091401840386245,0.15468832603406438,0.022742972726930676,0.033656991130793124,0.319533581358127,-0.12229077517986298,-0.24458155035972595,0.07589270769490955
214,-0.0059551778360713735,0.13989240903326378,0.022742972726930676,0.02869815056300205,0.1438151987993384,-0.122053362429142,-0.244106724858284,0.08605386444398515
215,-0.0014838136192882093,0.125614486054042,0.022742972726930676,0.024226786346218884,0.014320565621231317,-0.12133006751537323,-0.24266013503074646,0.09522301267550465
216,0.002521716142202487,0.11215348170096752,0.022742972726930676,0.02022125658472819,-0.07663276099521711,-0.11949963122606277,-0.23899926245212555,0.09335442339203735
217,0.006091409292821818,0.09969392079739295,0.022742972726930676,0.016651563434108858,-0.13709093393630373,-0.11740908771753311,-0.23481817543506622,0.08640217852510605
218,0.009260159714255102,0.08833142938196487,0.022742972726930676,0.013482813012675574,-0.17375569699110047,-0.11555614322423935,-0.2311122864484787,0.08023185952382485
219,0.012065094867498476,0.07809449963091716,0.022742972726930676,0.0106778778594322,-0.19227848567852115,-0.11422513425350189,-0.22845026850700378,0.07477002043670057
220,0.014543596395402064,0.06896323713428595,0.022742972726930676,0.008199376331528611,-0.19738653708615467,-0.11367122828960419,-0.22734245657920837,0.06994314688038517
221,0.01673186540847419,0.0608813443126481,0.022742972726930676,0.006011107318456485,-0.19289018600376437,-0.11316432803869247,-0.22632865607738495,0.06568047098049135
222,0.018663889819142555,0.05377006450037719,0.022742972726930676,0.00407908290778812,-0.18240045709698866,-0.11271223425865173,-0.22542446851730347,0.0619157415473644
223,0.020370845905295722,0.04753878216518159,0.022742972726930676,0.0023721268216349532,-0.16861740514745438,-0.11231862008571625,-0.2246372401714325,0.058588325167302654
224,0.021880815998653234,0.04209295484750369,0.022742972726930676,0.0008621567282774412,-0.15349066141581322,-0.11201435327529907,-0.22402870655059814,0.05564369035367587
225,0.02321873587035306,0.03733946323275335,0.022742972726930676,0.00047576314342238565,-0.13834529162389292,-0.11177337169647217,-0.22354674339294434,0.05208194868251127
226,0.024406494954302648,0.03319021984787955,0.022742972726930676,0.0016635222273719726,-0.12405867022759628,-0.11157557368278503,-0.22315114736557007,0.04833974001505115
227,0.025463146123787493,0.029565212402805217,0.022742972726930676,0.0027201733968568176,-0.11115727860027035,-0.11163107305765152,-0.22326214611530304,0.04653879596279991
228,0.026405184099193485,0.026392606430550823,0.022742972726930676,0.0036622113722628094,-0.09975094972834002,-0.1117924153804779,-0.2235848307609558,0.0449279635046795
229,0.027246818110332405,0.023608724775778404,0.022742972726930676,0.00450384538340173,-0.08992188471162857,-0.11194264143705368,-0.22388528287410736,0.04348429352940735
230,0.028000245295531245,0.021158199890689663,0.022742972726930676,0.00525727256860057,-0.08169722743238958,-0.11209611594676971,-0.22419223189353943,0.042188172229204186
231,0.02867592299080354,0.018993498686854397,0.022742972726930676,0.005932950263872864,-0.07497594928238986,-0.11223947256803513,-0.22447894513607025,0.04102280138877792
232,0.029282821518921736,0.017074258358000347,0.022742972726930676,0.00653984879199106,-0.06960474392647821,-0.11237134039402008,-0.22474268078804016,0.03997374551613832
233,0.02982865288021667,0.0153664865708219,0.022742972726930676,0.0070856801532859955,-0.06539999143402768,-0.11249228566884995,-0.2249845713376999,0.03902853854973063
234,0.030320071964847563,0.013841718512464445,0.022742972726930676,0.007577099237916888,-0.06217049115158169,-0.1126043051481247,-0.2252086102962494,0.03817635106005077
235,0.030762849325639635,0.012476152473477426,0.022742972726930676,0.00801987659870896,-0.05973228500549107,-0.11269952356815338,-0.22539904713630676,0.0374077163642548
236,0.03116201634613034,0.011249904179045513,0.022742972726930676,0.008419043619199665,-0.05792497583523197,-0.11278023570775986,-0.22556047141551971,0.03671430507829633
237,0.031521986806386196,0.010146348857665043,0.022742972726930676,0.00877901407945552,-0.056606588018125265,-0.11285348981618881,-0.22570697963237762,0.036088738484088514
238,0.03184665728806342,0.009151513042363803,0.022742972726930676,0.009103684561132745,-0.055653178636711445,-0.11291974782943726,-0.2258394956588745,0.035524439290077744
239,0.03213948848933167,0.008253564739595645,0.022742972726930676,0.009396515762400998,-0.05496496295205839,-0.11297956854104996,-0.22595913708209991,0.03501551358308862
240,0.03240357076605557,0.007442393470859465,0.022742972726930676,0.009660598039124897,-0.05446369405497764,-0.11303345859050751,-0.22606691718101501,0.03455665651762199
241,0.03264167677499628,0.006709270902298103,0.022742972726930676,0.009898704048065601,-0.05408975544600829,-0.1130819171667099,-0.2261638343334198,0.034143076895951835
242,0.03285630376403219,0.006046581180497121,0.022742972726930676,0.010113331037101513,-0.05379909268427458,-0.11312545090913773,-0.22625090181827545,0.03377043642387487
243,0.03304970768161503,0.005447609535394664,0.022742972726930676,0.010306734954684357,-0.053560250754429994,-0.1131644994020462,-0.2263289988040924,0.033434800242417365
244,0.03322393090891409,0.004906379023285504,0.022742972726930676,0.010480958181983413,-0.05335172499112369,-0.11319951713085175,-0.2263990342617035,0.03313259600370849
245,0.03338082508573887,0.004417525435240686,0.022742972726930676,0.010637852358808195,-0.05315957307892217,-0.11323089897632599,-0.22646179795265198,0.032860579379935445
246,0.033522070188340906,0.003976202181195066,0.022742972726930676,0.01077909746141023,-0.05297545796665854,-0.11325899511575699,-0.22651799023151398,0.0326158044116564
247,0.03364919076427771,0.003578008395082872,0.022742972726930676,0.010906218037347037,-0.052795029534521504,-0.11328418552875519,-0.22656837105751038,0.03239559747575363
248,0.03376357001162883,0.003218933820058356,0.022742972726930676,0.011020597284698154,-0.052616589910787194,-0.11330674588680267,-0.22661349177360535,0.03219753403838832
249,0.03386646220376003,0.002895316638764132,0.022742972726930676,0.011123489476829354,-0.052440170618799006,-0.11332699656486511,-0.22665399312973022,0.032019417568410535
250,0.03395900383322771,0.0026038097791312325,0.022742972726930676,0.011216031106297035,-0.052266736228982556,-0.11334512382745743,-0.22669024765491486,0.03185926021512035
251,0.034042223728281376,0.0023413540904807678,0.022742972726930676,0.0112992510013507,-0.05209774946895878,-0.11336139589548111,-0.22672279179096222,0.03171526494385955
252,0.03411705233453415,0.00210515537381099,0.022742972726930676,0.011374079607603477,-0.05193472095019833,-0.11337597668170929,-0.22675195336341858,0.031585808955988365
253,0.03418433027614026,0.0018926646937149649,0.022742972726930676,0.011441357549209587,-0.05177905973859683,-0.11338908225297928,-0.22677816450595856,0.031469428271427624
254,0.034244816286678116,0.0017015603159455158,0.022742972726930676,0.01150184355974744,-0.05163188434841386,-0.11340085417032242,-0.22680170834064484,0.03136480340030863
255,0.034299194558339324,0.0015297311584903225,0.022742972726930676,0.011556221831408649,-0.05149401912565615,-0.11341144889593124,-0.2268228977918625,0.03127074605373563
256,0.034348081598529624,0.001375265421820377,0.022742972726930676,0.011605108871598949,-0.05136595636405128,-0.11342216283082962,-0.22684432566165924,0.031186186491659426
257,0.03439203261917278,0.0012364296155667161,0.022742972726930676,0.011649059892242103,-0.05124710090591081,-0.11343222111463547,-0.22686444222927094,0.031110162260232957
258,0.03443154726213189,0.0011116533033348759,0.022742972726930676,0.011688574535201217,-0.05113756516243941,-0.11344129592180252,-0.22688259184360504,0.03104180816761036
259,0.03446707486012732,0.000999516588675894,0.022742972726930676,0.011724102133196641,-0.05103748687381602,-0.11344940960407257,-0.22689881920814514,0.030980346852316154
260,0.034499019298028906,0.0008987385396087556,0.022742972726930676,0.01175604657109823,-0.05094672213160453,-0.11345675587654114,-0.22691351175308228,0.030925080039060165
261,0.03452774348452949,0.0008081650160125853,0.022742972726930676,0.011784770757598817,-0.05086481302658264,-0.11346334964036942,-0.22692669928073883,0.030875380593639798
262,0.034553573427487265,0.0007267575337992008,0.022742972726930676,0.01181060070055659,-0.05079122703482221,-0.11346928030252457,-0.22693856060504913,0.03083068532537775
263,0.03457680194649941,0.000653582665984508,0.022742972726930676,0.011833829219568735,-0.050725334155407746,-0.11347462981939316,-0.22694925963878632,0.030790488454689804
264,0.03459769203837033,0.00058780188957648,0.022742972726930676,0.011854719311439652,-0.05066646025415899,-0.11347942054271698,-0.22695884108543396,0.030754335736909624
265,0.03461647991663197,0.000528662495083475,0.022742972726930676,0.011873507189701295,-0.050613960202969675,-0.1134837344288826,-0.2269674688577652,0.030721819163720243
266,0.034633377756646204,0.0004754890376152477,0.022742972726930676,0.011890405029715528,-0.05056718247368512,-0.1134876236319542,-0.2269752472639084,0.030692572194812612
267,0.03464857616427069,0.00042767545155474,0.022742972726930676,0.011905603437340012,-0.050525512670359075,-0.11349111795425415,-0.2269822359085083,0.03066626549125641
268,0.03466224639213972,0.00038467798174851234,0.022742972726930676,0.011919273665209042,-0.0504883941077144,-0.11349426209926605,-0.2269885241985321,0.030642603088764125
269,0.03467454232985511,0.0003460088054399542,0.022742972726930676,0.011931569602924436,-0.05045531367765,-0.11349710822105408,-0.22699421644210815,0.0306213189623024
270,0.03468560228723784,0.000311230011609314,0.022742972726930676,0.011942629560307165,-0.05042579792895794,-0.11349964141845703,-0.22699928283691406,0.030602173967561125
271,0.03469555058938399,0.0002799486643640777,0.022742972726930676,0.011952577862453316,-0.050399460080494105,-0.11350194364786148,-0.22700388729572296,0.030584953085867672
272,0.034704499010336884,0.00025181189187339334,0.022742972726930676,0.011961526283406208,-0.05037591297002038,-0.11350400000810623,-0.22700800001621246,0.030569462963779673
273,0.03471254805192702,0.00022650280045390564,0.022742972726930676,0.011969575324996345,-0.05035485007929861,-0.11350584775209427,-0.22701169550418854,0.030555529714533125
274,0.034719788092220406,0.00020373672833192918,0.022742972726930676,0.01197681536528973,-0.05033598792009304,-0.11350750923156738,-0.22701501846313477,0.03054299693884921
275,0.034726300414347024,0.00018325790626161394,0.022742972726930676,0.011983327687416348,-0.05031907733593917,-0.11350900679826736,-0.22701801359653473,0.03053172395386626
276,0.0347321581286326,0.00016483644981446534,0.022742972726930676,0.011989185401701921,-0.05030389828497894,-0.11351035535335541,-0.22702071070671082,0.03052158420595852
277,0.03473742699981929,0.00014826577052707437,0.022742972726930676,0.011994454272888616,-0.0502902605729236,-0.1135115921497345,-0.227023184299469,0.030512463840648374
278,0.034742166188444557,0.0001333599240039589,0.022742972726930676,0.011999193461513881,-0.05027798278386057,-0.11351267248392105,-0.2270253449678421,0.03050426043828544
279,0.034746428911945085,0.0001199517370154833,0.022742972726930676,0.01200345618501441,-0.050266950308524634,-0.11351364850997925,-0.2270272970199585,0.030496881865758538
280,0.03475026304544898,0.00010789093881341518,0.022742972726930676,0.012007290318518306,-0.05025702512436408,-0.11351455003023148,-0.22702910006046295,0.03049024522865748
281,0.034753711659555285,9.704222115239354e-05,0.022742972726930676,0.01201073893262461,-0.05024807546982312,-0.11351533979177475,-0.2270306795835495,0.030484275955725518
282,0.034756813499290364,8.728386643922175e-05,0.022742972726930676,0.012013840772359688,-0.05024002268235341,-0.11351604759693146,-0.22703209519386292,0.030478906968362238
283,0.03475960341937655,7.850642565169526e-05,0.022742972726930676,0.012016630692445872,-0.050232775468498005,-0.11351669579744339,-0.22703339159488678,0.030474077919878148
284,0.03476211277503808,7.061134510394087e-05,0.022742972726930676,0.012019140048107405,-0.05022624312389239,-0.11351726204156876,-0.2270345240831375,0.030469734527007117
285,0.03476436977151191,6.351002764952085e-05,0.022742972726930676,0.012021397044581238,-0.0502203682107975,-0.11351778358221054,-0.22703556716442108,0.03046582795911988
286,0.03476639978157537,5.7122720296770084e-05,0.022742972726930676,0.012023427054644695,-0.050215073570314066,-0.11351824551820755,-0.2270364910364151,0.03046231429077098
287,0.0347682256291314,5.13777392458989e-05,0.022742972726930676,0.012025252902200724,-0.050210308333414964,-0.11351867765188217,-0.22703735530376434,0.03045915400721888
288,0.03476986784545537,4.621046935851768e-05,0.022742972726930676,0.012026895118524693,-0.05020600778991282,-0.11351904273033142,-0.22703808546066284,0.030456311569297373
289,0.03477134489686534,4.156286841719508e-05,0.022742972726930676,0.012028372169934666,-0.05020214660511001,-0.11351938545703888,-0.22703877091407776,0.030453755011438488
290,0.03477267339397874,3.738266782859351e-05,0.022742972726930676,0.012029700667048067,-0.05019866711520006,-0.11351968348026276,-0.2270393669605255,0.030451455581537695
291,0.034773868277502056,3.362294675330644e-05,0.022742972726930676,0.01203089555057138,-0.05019554027511456,-0.11351997405290604,-0.22703994810581207,0.03044938741413493
292,0.03477494298779477,3.0241422732684948e-05,0.022742972726930676,0.012031970260864097,-0.05019271380600873,-0.11352022737264633,-0.22704045474529266,0.03044752724298111
293,0.034775909612621045,2.7199984850138197e-05,0.022742972726930676,0.01203293688569037,-0.050190169094708324,-0.11352043598890305,-0.2270408719778061,0.03044585415068915
294,0.03477677902258235,2.4464472034877252e-05,0.022742972726930676,0.012033806295651678,-0.050187892151149945,-0.11352064460515976,-0.22704128921031952,0.03044434932127224
295,0.03477756099636832,2.200412630539455e-05,0.022742972726930676,0.012034588269437645,-0.05018583671678029,-0.11352083086967468,-0.22704166173934937,0.030442995827162117
296,0.034778264329765725,1.979131359972105e-05,0.022742972726930676,0.01203529160283505,-0.05018398486046009,-0.11352100968360901,-0.22704201936721802,0.030441778441391176
297,0.03477889693309268,1.780096521484536e-05,0.022742972726930676,0.012035924206162008,-0.050182310099525375,-0.11352112144231796,-0.22704224288463593,0.030440683482226935
298,0.034779465916532463,1.601070165370495e-05,0.022742972726930676,0.012036493189601788,-0.05018083234928535,-0.11352124065160751,-0.22704248130321503,0.030439698648412616
299,0.03477997767689539,1.4400531955423688e-05,0.022742972726930676,0.012037004949964715,-0.050179506620150874,-0.11352138221263885,-0.2270427644252777,0.03043881285924853
300,0.03483031878285867,0.004704115437229645,0.03496907539671309,0.0001387566138544155,-1.320687486109423,-0.11352147161960602,-0.22704294323921204,0.03015449776838447
301,0.035067538271899665,0.011087151991127264,0.03496907539671309,9.846287518657654e-05,-0.4595723770511649,-0.11625660210847855,-0.2325132042169571,0.029350859595312154
302,0.03552272232127006,0.01751616914754588,0.03496907539671309,0.0005536469245569706,0.01045631570774747,-0.11780934780836105,-0.2356186956167221,0.0276235628507122
303,0.03618344490598822,0.023105119695094156,0.03496907539671309,0.0012143695092751289,0.24379901751147534,-0.11952153593301773,-0.23904307186603546,0.025817131618550718
304,0.037014946692150184,0.027447434545719882,0.03496907539671309,0.002045871295437096,0.3358071332665934,-0.12122540920972824,-0.24245081841945648,0.023766233102251677
305,0.037973382119595125,0.03043244558551593,0.03496907539671309,0.003004306722882037,0.34553356472451063,-0.12276934832334518,-0.24553869664669037,0.02157317805408901
306,0.03901389093502281,0.03212467941261358,0.03496907539671309,0.004044815538309723,0.30988411975391866,-0.12414761632680893,-0.24829523265361786,0.019325475343896018
307,0.04009524973595709,0.03268339901910646,0.03496907539671309,0.005126174339244005,0.2520141560918517,-0.1252540946006775,-0.250508189201355,0.017093971776196218
308,0.04118225586936321,0.03231057822081991,0.03496907539671309,0.006213180472650119,0.1862102757217527,-0.12617908418178558,-0.25235816836357117,0.014932953216826472
309,0.04224664630483431,0.031216804549689798,0.03496907539671309,0.007277570908121221,0.1211239719637581,-0.12683294713497162,-0.25366589426994324,0.012881476727375801
310,0.04326707762663995,0.02960112367192175,0.03496907539671309,0.008298002229926861,0.061572646281735054,-0.1272735446691513,-0.2545470893383026,0.010965357241318377
311,0.0442285650431704,0.027639608456342946,0.03496907539671309,0.009259489646457314,0.009966116452767093,-0.12751232087612152,-0.25502464175224304,0.009199402074311608
312,0.045121633092615326,0.025480404931828272,0.03496907539671309,0.010152557695902238,-0.032876046347113705,-0.1276327520608902,-0.2552655041217804,0.007589645518733021
313,0.045941358566427004,0.023242518462762374,0.03496907539671309,0.010972283169713916,-0.06707646832339947,-0.12766431272029877,-0.25532862544059753,0.006135431470196198
314,0.04668641058860054,0.02101718227217659,0.03496907539671309,0.011717335191887453,-0.09334544101713269,-0.12762603163719177,-0.25525206327438354,0.004831267687016555
315,0.04735815845880794,0.018870654358084424,0.03496907539671309,0.012389083062094852,-0.11270161245979039,-0.12750841677188873,-0.25501683354377747,0.003668402494272513
316,0.0479598877840701,0.01684806935028045,0.03496907539671309,0.012990812387357012,-0.12629619880416182,-0.1273679882287979,-0.2547359764575958,0.0026360916390836264
317,0.04849614768657954,0.014977277913759275,0.03496907539671309,0.013527072289866451,-0.13523366354303842,-0.1272343397140503,-0.2544686794281006,0.0017225808286435162
318,0.04897222419117526,0.013272520652730286,0.03496907539671309,0.01400314879446217,-0.1405290492005278,-0.12713122367858887,-0.25426244735717773,0.0009158490804172525
319,0.0493937293438539,0.011737513817987709,0.03496907539671309,0.014424653947140813,-0.14307196261651614,-0.12701474130153656,-0.2540294826030731,0.00020416046871418736
320,0.04976629100222791,0.010368480208116131,0.03496907539671309,0.014797215605514821,-0.14365469128999434,-0.12690450251102448,-0.25380900502204895,-0.0004235676732356197
321,0.05009533697937554,0.009156569275842278,0.03496907539671309,0.015126261582662455,-0.14290719512548583,-0.12680381536483765,-0.2536076307296753,-0.10097754839969084
322,0.050385953091541154,0.00808979525356972,0.03496907539671309,0.015416877694828066,-0.14132455190223558,-0.12671415507793427,-0.25342831015586853,-0.10146701205792641
323,0.05064279980593052,0.007154534266077818,0.03496907539671309,0.01567372440921743,-0.13928268727441004,-0.12663593888282776,-0.2532718777656555,-0.10190017303955429
324,0.05087007236301829,0.006336529319194182,0.03496907539671309,0.015900996966305203,-0.13705603432530633,-0.12654012441635132,-0.25308024883270264,-0.10228424374908407
325,0.05107149271145611,0.005621861668122952,0.03496907539671309,0.016102417314743024,-0.13485502699596316,-0.12645769119262695,-0.2529153823852539,-0.10262549885475619
326,0.05125032856959473,0.004997437986022397,0.03496907539671309,0.016281253172881642,-0.13279328525762882,-0.12638844549655914,-0.2527768909931183,-0.1029293648966292
327,0.05140942570596479,0.004451314928250518,0.03496907539671309,0.0164403503092517,-0.1309372517470043,-0.12634018063545227,-0.25268036127090454,-0.10320051429471216
328,0.051551247952807834,0.003972775725996332,0.03496907539671309,0.016582172556094746,-0.12931243901275427,-0.12629930675029755,-0.2525986135005951,-0.10344295693875853
329,0.05167791884567766,0.0035523821056206275,0.03496907539671309,0.016708843448964575,-0.12793052727988766,-0.12626434862613678,-0.25252869725227356,-0.10366012768950619
330,0.05179126400016442,0.003181939475293624,0.03496907539671309,0.016822188603451332,-0.12678439040128836,-0.12623263895511627,-0.25246527791023254,-0.10385497012858028
331,0.05189285173748225,0.002854428112608514,0.03496907539671309,0.016923776340769164,-0.12585615258572863,-0.12620559334754944,-0.2524111866950989,-0.10403001261791277
332,0.05198403083507886,0.0025638882971042148,0.03496907539671309,0.017014955438365773,-0.12511943916780985,-0.126182422041893,-0.252364844083786,-0.10418743518260953
333,0.05206596419481777,0.0023052931090583894,0.03496907539671309,0.017096888798104684,-0.12454576688482955,-0.12616243958473206,-0.2523248791694641,-0.10432912640482737
334,0.05213965822215687,0.00207441974477968,0.03496907539671309,0.01717058282544378,-0.12410704673249483,-0.12614504992961884,-0.25229009985923767,-0.10445673145889181
335,0.05220598798087578,0.0018677272543857367,0.03496907539671309,0.01723691258416269,-0.12377719204848503,-0.1261298507452011,-0.2522597014904022,-0.10457169208318975
336,0.052265718396098226,0.0016822442261685364,0.03496907539671309,0.017296642999385138,-0.12353295826986557,-0.12611640989780426,-0.2522328197956085,-0.10467527941872733
337,0.05231952188383727,0.0015154699207342536,0.03496907539671309,0.01735044648712418,-0.1233544547980163,-0.1261044591665268,-0.2522089183330536,-0.1047686207514503
338,0.05236799286595645,0.0013652889766895037,0.03496907539671309,0.01739891746924336,-0.12322511860343231,-0.1260937750339508,-0.2521875500679016,-0.10485272116286656
339,0.052411659621234175,0.0012298995008735779,0.03496907539671309,0.017442584224521086,-0.12313156461422557,-0.12608416378498077,-0.25216832756996155,-0.10492848097278976
340,0.052450993909487424,0.0011077537364376758,0.03496907539671309,0.017481918512774336,-0.12306328859499294,-0.12607547640800476,-0.2521509528160095,-0.10499670979404997
341,0.05248641877151959,0.0009975099683457581,0.03496907539671309,0.017517343374806503,-0.12301227572588574,-0.1260676085948944,-0.2521352171897888,-0.10505813790348864
342,0.05251831485840637,0.0008979940296225641,0.03496907539671309,0.017549239461693282,-0.12297258596804495,-0.12606047093868256,-0.2521209418773651,-0.10511342550518064
343,0.05254702558992094,0.0008081689252423554,0.03496907539671309,0.017577950193207854,-0.12293997196565778,-0.12605398893356323,-0.25210797786712646,-0.10516317035761857
344,0.052572861392790673,0.0007271110822285126,0.03496907539671309,0.017603785996077585,-0.12291152198060144,-0.12604808807373047,-0.25209617614746094,-0.1052079141425625
345,0.052596103222622696,0.0006539920038337943,0.03496907539671309,0.017627027825909608,-0.12288535339265028,-0.1260427087545395,-0.252085417509079,-0.10524814787526911
346,0.05261700553567658,0.0005880643268160333,0.03496907539671309,0.017647930138963493,-0.1228603387126984,-0.1260378509759903,-0.2520757019519806,-0.10528431660074784
347,0.052635798837704244,0.0005286506979104052,0.03496907539671309,0.017666723440991156,-0.1228358513130357,-0.12603344023227692,-0.25206688046455383,-0.10531682351233167
348,0.052652691897271585,0.00047513525309631914,0.03496907539671309,0.017683616500558497,-0.12281166249072825,-0.12602941691875458,-0.25205883383750916,-0.10534603361676532
349,0.05266787370387951,0.0004269571522795202,0.03496907539671309,0.01769879830716642,-0.12278778618181702,-0.12602578103542328,-0.25205156207084656,-0.10537227707198091
350,0.05268151522760107,0.00038360519665870405,0.03496907539671309,0.01771243983088798,-0.12276433633927863,-0.12602250277996063,-0.25204500555992126,-0.10539585223875664
351,0.05269377101108051,0.000344613280911603,0.03496907539671309,0.017724695614367424,-0.12274149250689542,-0.12601952254772186,-0.2520390450954437,-0.10541702846968604
352,0.052704780623503,0.00030955691242515816,0.03496907539671309,0.01773570522678991,-0.12271947219864439,-0.12601687014102936,-0.2520337402820587,-0.10543604870504975
353,0.05271467000043275,0.0002780496412956633,0.03496907539671309,0.01774559460371966,-0.12269843054787208,-0.12601447105407715,-0.2520289421081543,-0.10545313185986004
354,0.05272355267132021,0.00024974013930536556,0.03496907539671309,0.01775447727460712,-0.12267853558229096,-0.12601229548454285,-0.2520245909690857,-0.10546847502049314
355,0.05273153089483025,0.0002243096064937895,0.03496907539671309,0.017762455498117162,-0.12265991091469838,-0.12601034343242645,-0.2520206868648529,-0.10548225549349523
356,0.052738696709686624,0.00020146927949037262,0.03496907539671309,0.017769621312973535,-0.12264261632669497,-0.12600861489772797,-0.25201722979545593,-0.10549463269820414
357,0.052745132900326,0.0001809577137858866,0.03496907539671309,0.017776057503612913,-0.12262666098609916,-0.12600702047348022,-0.25201404094696045,-0.10550574987698068
358,0.05275091388058335,0.0001625389346176966,0.03496907539671309,0.017781838483870265,-0.12261207546115431,-0.126005619764328,-0.252011239528656,-0.10551573568815495
359,0.05275610651262117,0.0001460000776952025,0.03496907539671309,0.017787031115908084,-0.12259879305916663,-0.12600436806678772,-0.25200873613357544,-0.10552470566116491
360,0.052760770847782,0.0001311492089572647,0.03496907539671309,0.017791695451068915,-0.12258675858413841,-0.1260032057762146,-0.2520064115524292,-0.1055327634911727
361,0.05276496080397676,0.00011781396808191088,0.03496907539671309,0.01779588540726367,-0.12257593132073014,-0.126002237200737,-0.252004474401474,-0.10554000226255236
362,0.052768724790824666,0.00010583934315853215,0.03496907539671309,0.017799649394111577,-0.12256616670343996,-0.12600138783454895,-0.2520027756690979,-0.10554650553565517
363,0.05277210626397143,9.508597696680824e-05,0.03496907539671309,0.01780303086725834,-0.1225573850641961,-0.12600062787532806,-0.25200125575065613,-0.10555234829993797
364,0.05277514422710976,8.542873440038347e-05,0.03496907539671309,0.01780606883039667,-0.12254951558591565,-0.12599995732307434,-0.2519999146461487,-0.10555759785407787
365,0.052777873686553206,7.675523121585794e-05,0.03496907539671309,0.017808798289840118,-0.12254247486635515,-0.1259993463754654,-0.2519986927509308,-0.10556231459411065
366,0.05278032605897783,6.89645796736471e-05,0.03496907539671309,0.017811250662264744,-0.12253619581067421,-0.12599878013134003,-0.25199756026268005,-0.10556655271936397
367,0.05278252954135251,6.196645635330705e-05,0.03496907539671309,0.017813454144639425,-0.12253061362504414,-0.12599830329418182,-0.25199660658836365,-0.10557036088789737
368,0.052784509446152074,5.5679745662068116e-05,0.03496907539671309,0.017815434049438986,-0.12252562760460438,-0.125997856259346,-0.251995712518692,-0.10557378278438682
369,0.05278628849599642,5.0031725826678074e-05,0.03496907539671309,0.01781721309928333,-0.12252119143602692,-0.12599745392799377,-0.25199490785598755,-0.10557685762812852
370,0.052787887092100944,4.495720912195348e-05,0.03496907539671309,0.017818811695387855,-0.12251724205855175,-0.12599709630012512,-0.25199419260025024,-0.1055796206407625
371,0.05278932355479376,4.0397760056426216e-05,0.03496907539671309,0.01782024815808067,-0.12251372006705837,-0.12599678337574005,-0.2519935667514801,-0.10558210346028314
372,0.052790614337796804,3.630087786561351e-05,0.03496907539671309,0.017821538941083716,-0.12251057103256967,-0.12599648535251617,-0.25199297070503235,-0.10558433450248993
373,0.05279177421900323,3.2619540261762445e-05,0.03496907539671309,0.017822698822290144,-0.12250776620933455,-0.12599623203277588,-0.25199246406555176,-0.10558633929622598
374,0.05279281647427883,2.931149037119126e-05,0.03496907539671309,0.017823741077565743,-0.1225052529361271,-0.12599599361419678,-0.25199198722839355,-0.10558814077835182
375,0.05279375303070213,2.633888877446966e-05,0.03496907539671309,0.01782467763398904,-0.1225030076421712,-0.12599579989910126,-0.2519915997982025,-0.10558975956226627
376,0.052794594605808806,2.3667649401570735e-05,0.03496907539671309,0.017825519209095718,-0.12250098438366716,-0.12599560618400574,-0.2519912123680115,-0.10559121416919438
377,0.052795350828638093,2.1267224184010645e-05,0.03496907539671309,0.017826275431925005,-0.12249917687496265,-0.1259954422712326,-0.2519908845424652,-0.10559252124131467
378,0.052796030351758685,1.9110102875785705e-05,0.03496907539671309,0.017826954955045597,-0.1224975517123271,-0.12599527835845947,-0.25199055671691895,-0.10559369573178175
379,0.05279664094950735,1.717165432381087e-05,0.03496907539671309,0.01782756555279426,-0.12249610181305089,-0.12599514424800873,-0.25199028849601746,-0.10559475107947953
380,0.0527971896088338,1.5429685282659073e-05,0.03496907539671309,0.01782811421212071,-0.12249479531330906,-0.12599501013755798,-0.25199002027511597,-0.10559569936125818
381,0.05279768260888933,1.3864393572698222e-05,0.03496907539671309,0.017828607212176245,-0.12249362782033885,-0.12599492073059082,-0.25198984146118164,-0.10559655143751284
382,0.052798125595511204,1.2457889991209606e-05,0.03496907539671309,0.017829050198798116,-0.12249256053582135,-0.12599483132362366,-0.2519896626472473,-0.10559731707214384
383,0.0527985236421564,1.119405169614915e-05,0.03496907539671309,0.01782944824544331,-0.12249159693660805,-0.1259947419166565,-0.251989483833313,-0.1055980050335428
384,0.052798881306746925,1.0058369005444787e-05,0.03496907539671309,0.017829805910033837,-0.12249073445149058,-0.12599465250968933,-0.25198930501937866,-0.10559862319653465
385,0.05279920268404378,9.037852382148027e-06,0.03496907539671309,0.017830127287330695,-0.12248996732415485,-0.12599457800388336,-0.2519891560077667,-0.10559917863800353
386,0.052799491453623976,8.120802469417642e-06,0.03496907539671309,0.017830416056910887,-0.12248927818327572,-0.1259945034980774,-0.2519890069961548,-0.10559967771695161
387,0.05279975092223256,7.296806334750685e-06,0.03496907539671309,0.017830675525519472,-0.12248866382593372,-0.1259944587945938,-0.2519889175891876,-0.10560012615339044
388,0.05279998406296953,6.556391464303685e-06,0.03496907539671309,0.01783090866625644,-0.12248809904591586,-0.12599439918994904,-0.25198879837989807,-0.10560052908624923
389,0.05280019354708702,5.891154783391599e-06,0.03496907539671309,0.01783111815037393,-0.12248759738000169,-0.12599436938762665,-0.2519887387752533,-0.10560089113603069
390,0.05280038177588829,5.29337856028638e-06,0.03496907539671309,0.017831306379175203,-0.12248713361871431,-0.12599430978298187,-0.25198861956596375,-0.10560121644950586
391,0.05280055090566535,4.756323077478042e-06,0.03496907539671309,0.01783147550895226,-0.12248673191899696,-0.12599429488182068,-0.25198858976364136,-0.10560150875726164
392,0.05280070287604022,4.273753587259974e-06,0.03496907539671309,0.01783162747932713,-0.12248635313371566,-0.1259942501783371,-0.2519885003566742,-0.10560177141013466
393,0.05280083942773371,3.840146053290792e-06,0.03496907539671309,0.017831764031020624,-0.12248602411746885,-0.1259942203760147,-0.2519884407520294,-0.10560200741446359
394,0.052800962125041984,3.450522793254581e-06,0.03496907539671309,0.017831886728328895,-0.12248572792107837,-0.12599419057369232,-0.25198838114738464,-0.1056022194735319
395,0.05280107237371258,3.1004612662326745e-06,0.03496907539671309,0.01783199697699949,-0.12248546352457315,-0.12599417567253113,-0.25198835134506226,-0.10560241001915907
396,0.052801171437429455,2.7859023651815317e-06,0.03496907539671309,0.017832096040716366,-0.12248521886647092,-0.12599414587020874,-0.2519882917404175,-0.10560258123369405
397,0.052801260450082155,2.50321301573781e-06,0.03496907539671309,0.017832185053369067,-0.12248500626389801,-0.12599411606788635,-0.2519882321357727,-0.10560273507346779
398,0.05280134042962297,2.2491386477320803e-06,0.03496907539671309,0.017832265032909883,-0.1224848213635046,-0.12599408626556396,-0.25198817253112793,-0.10560287329571914
399,0.0528014122913005,2.020872782251559e-06,0.03496907539671309,0.01783233689458741,-0.12248466056104514,-0.12599408626556396,-0.25198817253112793,-0.10560299748791763
400,0.05288571564062217,0.007924258196757286,0.055616533327185316,0.002730817686563143,-2.2681220625542364,-0.12599407136440277,-0.25198814272880554,-0.10608334084176053
401,0.05328617343530016,0.018751319422551947,0.055616533327185316,0.002330359891885153,-0.8138714365307015,-0.1428992748260498,-0.2857985496520996,-0.10710945504704994
402,0.054056689431985355,0.029680415424974415,0.055616533327185316,0.001559843895199961,-0.011760604432836755,-0.14777179062366486,-0.2955435812473297,-0.10882688363853424
403,0.05517689006528899,0.03920132324246418,0.055616533327185316,0.0004396432618963275,0.38836014865854623,-0.15265800058841705,-0.3053160011768341,-0.11119364565939756
404,0.056588282554739126,0.04661767484986881,0.055616533327185316,0.00097174922755381,0.5481601955881108,-0.15727603435516357,-0.31455206871032715,-0.11603955481762918
405,0.058216744349541556,0.05173552869363155,0.055616533327185316,0.00260021102235624,0.5677777698575265,-0.16127215325832367,-0.32254430651664734,-0.12064872692856712
406,0.059986226151104695,0.05465814977852218,0.055616533327185316,0.004369692823919379,0.5097490002949469,-0.1644052416086197,-0.3288104832172394,-0.12447484159269864
407,0.0618266627383097,0.055651493191912024,0.055616533327185316,0.006210129411124386,0.4131808734838263,-0.16683579981327057,-0.33367159962654114,-0.12827633672342
408,0.06367807881938196,0.055055062741089754,0.055616533327185316,0.008061545492196648,0.3024711786895262,-0.16860844194889069,-0.33721688389778137,-0.13196032685689066
409,0.06549219008582438,0.05322483145548724,0.055616533327185316,0.009875656758639065,0.192341574821992,-0.16980259120464325,-0.3396051824092865,-0.13545973301086556
410,0.06723242567713539,0.05049834575702948,0.055616533327185316,0.011615892349950072,0.09117142933957484,-0.170512855052948,-0.341025710105896,-0.13873000423343326
411,0.06887300680367464,0.04717474280454054,0.055616533327185316,0.013256473476489325,0.003181653377950602,-0.17071980237960815,-0.3414396047592163,-0.14174533187411556
412,0.0703975236045299,0.043506392419601914,0.055616533327185316,0.014780990277344586,-0.07017645799097307,-0.1706366389989853,-0.3412732779979706,-0.1444948836308952
413,0.07179733202298569,0.0396968475879996,0.055616533327185316,0.016180798695800372,-0.12901993018660357,-0.1704058051109314,-0.3408116102218628,-0.14697931484382712
414,0.07306994215520596,0.03590280386354896,0.055616533327185316,0.017453408828020642,-0.1744357815500051,-0.17007698118686676,-0.3401539623737335,-0.14920763463580963
415,0.0742175096128442,0.03223858794709078,0.055616533327185316,0.01860097628565889,-0.20807429901589078,-0.16964295506477356,-0.3392859101295471,-0.1511945160806812
416,0.07524549972217084,0.028782191688697226,0.055616533327185316,0.019628966394985528,-0.23184257670746097,-0.16911308467388153,-0.33822616934776306,-0.15295809913810318
417,0.07616156554842099,0.02558211182689454,0.055616533327185316,0.020545032221235673,-0.24765327002763812,-0.16859441995620728,-0.33718883991241455,-0.15451830251443685
418,0.0769746448845387,0.022663140074361234,0.055616533327185316,0.021358111557353385,-0.25721790364736175,-0.1680215299129486,-0.3360430598258972,-0.15589552610891316
419,0.07769425014190065,0.020032410398926264,0.055616533327185316,0.022077716814715334,-0.2621174681839551,-0.16747404634952545,-0.3349480926990509,-0.15710972606110957
420,0.07832994799250974,0.017684277078007196,0.055616533327185316,0.022713414665324422,-0.2636364828131215,-0.1669713258743286,-0.3339426517486572,-0.15817980768952894
421,0.07889099114378438,0.015604503402815125,0.055616533327185316,0.023274457816599065,-0.2628242018464998,-0.1665593385696411,-0.3331186771392822,-0.15912325060898416
422,0.07938607561728568,0.013773301299571425,0.055616533327185316,0.023769542290100365,-0.26048722461933693,-0.16620559990406036,-0.3324111998081207,-0.15995590077305125
423,0.07982319065523301,0.012167845221817474,0.055616533327185316,0.024206657328047693,-0.25727367235976983,-0.16589497029781342,-0.33178994059562683,-0.16069188860950423
424,0.08020954496104166,0.010764220358640563,0.055616533327185316,0.02459301163385634,-0.2536707230597422,-0.16562490165233612,-0.33124980330467224,-0.16134365524582397
425,0.08055155036349768,0.009538807437562462,0.055616533327185316,0.02493501703631236,-0.25001996216176,-0.16539187729358673,-0.33078375458717346,-0.1619220465013295
426,0.08085484526829229,0.008469211197991862,0.055616533327185316,0.02523831194110697,-0.24654722106778218,-0.16519196331501007,-0.33038392663002014,-0.16243644600127877
427,0.08112434400030914,0.00753482918073724,0.055616533327185316,0.025507810673123826,-0.24338905160646143,-0.16502103209495544,-0.3300420641899109,-0.16289492819167198
428,0.08136430123121124,0.006717147489597767,0.055616533327185316,0.02574776790402593,-0.24061555295461795,-0.1648750752210617,-0.3297501504421234,-0.16330441706780446
429,0.08157838340870853,0.005999837104435136,0.055616533327185316,0.025961850081523213,-0.23824928569176557,-0.1647503823041916,-0.3295007646083832,-0.16367084085013608
430,0.08176974138627274,0.00536871166976127,0.055616533327185316,0.026153208059087427,-0.2362805074924561,-0.16464371979236603,-0.32928743958473206,-0.16399927633359776
431,0.08194108029975246,0.004811593706804086,0.055616533327185316,0.026324546972567142,-0.2346790231239542,-0.16455203294754028,-0.32910406589508057,-0.16429407919832484
432,0.08209472418868131,0.0043181290779325445,0.055616533327185316,0.026478190861495998,-0.23340338463813945,-0.16447292268276215,-0.3289458453655243,-0.16455899872018812
433,0.08223267401977104,0.003879575574850544,0.055616533327185316,0.02661614069258572,-0.2324072313077105,-0.16440428793430328,-0.32880857586860657,-0.16479727664937432
434,0.0823566585357116,0.0034885859296671508,0.055616533327185316,0.026740125208526283,-0.2316439489016223,-0.16434429585933685,-0.3286885917186737,-0.16501173088384713
435,0.08246817795209707,0.003138999752791949,0.055616533327185316,0.026851644624911755,-0.23106969265794394,-0.16429157555103302,-0.32858315110206604,-0.16520482530821923
436,0.08256854091165772,0.0028256512338799347,0.055616533327185316,0.0269520075844724,-0.23064500896075757,-0.1642448753118515,-0.328489750623703,-0.16537872734457007
437,0.08265889530750097,0.0025441989957692376,0.055616533327185316,0.02704236198031565,-0.23033581882730614,-0.16420339047908783,-0.32840678095817566,-0.16553535496063362
438,0.08274025372345364,0.0022909774155563554,0.055616533327185316,0.027123720396268328,-0.2301134573164644,-0.16416622698307037,-0.32833245396614075,-0.1656764147336378
439,0.0828135142325503,0.0020628719858996145,0.055616533327185316,0.027196980905364987,-0.2299547048714636,-0.16413287818431854,-0.3282657563686371,-0.16580343257349223
440,0.08287947732229702,0.001857215015462272,0.055616533327185316,0.0272629439951117,-0.22984110471181873,-0.16410277783870697,-0.32820555567741394,-0.16591777848511385
441,0.08293885961142082,0.0016717013561042579,0.055616533327185316,0.027322326284235504,-0.22975851806632827,-0.16407561302185059,-0.32815122604370117,-0.16602068657977065
442,0.0829923049802734,0.0015043199885951012,0.055616533327185316,0.027375771653088077,-0.22969632695802056,-0.16405098140239716,-0.3281019628047943,-0.1661132713288291
443,0.08304039362265789,0.0013533005599105814,0.055616533327185316,0.02742386029547257,-0.22964692516421528,-0.16402868926525116,-0.3280573785305023,-0.16619654091569577
444,0.08308364947300964,0.0012170709360977915,0.055616533327185316,0.027467116145824325,-0.22960498024376325,-0.1640084683895111,-0.3280169367790222,-0.1662714083431759
445,0.08312254635254576,0.0010942245467542935,0.055616533327185316,0.027506013025360446,-0.22956700674942718,-0.16399013996124268,-0.32798027992248535,-0.16633870081196536
446,0.08315751313096736,0.0009834950387873547,0.055616533327185316,0.027540979803782048,-0.22953085219352667,-0.16397352516651154,-0.32794705033302307,-0.1663991677922957
447,0.08318893812513435,0.0008837367757404613,0.055616533327185316,0.027572404797949035,-0.22949534299165025,-0.16395847499370575,-0.3279169499874115,-0.16645348808322272
448,0.08321717291114886,0.0007939098251721296,0.055616533327185316,0.02760063958396354,-0.22945997138264806,-0.16394488513469696,-0.3278897702693939,-0.1665022760995708
449,0.08324253567864545,0.0007130678214728124,0.055616533327185316,0.027626002351460135,-0.22942464187839937,-0.16393257677555084,-0.3278651535511017,-0.16654608751586114
450,0.08326531421853015,0.0006403486788266377,0.055616533327185316,0.02764878089134483,-0.22938956368372687,-0.16392146050930023,-0.32784292101860046,-0.1665854244108863
451,0.08328576862570088,0.0005749668969872245,0.055616533327185316,0.02766923529851556,-0.22935504865314424,-0.16391144692897797,-0.32782289385795593,-0.16662074000342184
452,0.08330413376134198,0.0005162069744356528,0.055616533327185316,0.02768760043415666,-0.22932144102347274,-0.1639024317264557,-0.3278048634529114,-0.16665244300704685
453,0.08332062150668106,0.000463417581334598,0.055616533327185316,0.02770408817949574,-0.22928907998467693,-0.16389428079128265,-0.3277885615825653,-0.16668090163776791
454,0.08333542283771599,0.0004160069730909298,0.055616533327185316,0.02771888951053067,-0.22925828644336324,-0.16388700902462006,-0.3277740180492401,-0.16670644735512144
455,0.08334870974362303,0.00037343777017857674,0.055616533327185316,0.027732176416437715,-0.22922923557147679,-0.16388042271137238,-0.32776084542274475,-0.16672937828166204
456,0.0833606369835365,0.00033522306040653757,0.055616533327185316,0.027744103656351188,-0.22920213296931338,-0.16387450695037842,-0.32774901390075684,-0.1667499623600068
457,0.08337134371774614,0.0003009225819282578,0.055616533327185316,0.027754810390560825,-0.22917705530433236,-0.16386926174163818,-0.32773852348327637,-0.16676844029879834
458,0.08338095500619686,0.0002701383690893478,0.055616533327185316,0.02776442167901154,-0.22915397784176209,-0.16386452317237854,-0.3277290463447571,-0.16678502821929891
459,0.08338958317286022,0.00024251157034117714,0.055616533327185316,0.0277730498456749,-0.22913291785055148,-0.16386030614376068,-0.32772061228752136,-0.16679992009090086
460,0.08339732906135214,0.000217718722072227,0.055616533327185316,0.02778079573416682,-0.22911378654158066,-0.16385649144649506,-0.3277129828929901,-0.1668132899472998
461,0.08340428317432567,0.0001954689065116545,0.055616533327185316,0.02778774984714036,-0.2290965225709347,-0.16385309398174286,-0.3277061879634857,-0.16682529390695047
462,0.08341052671626598,0.0001755005150870881,0.055616533327185316,0.02779399338908066,-0.22908098815906025,-0.16385002434253693,-0.32770004868507385,-0.1668360720002266
463,0.08341613253449721,0.00015757868220342056,0.055616533327185316,0.027799599207311898,-0.22906707548495128,-0.16384728252887726,-0.3276945650577545,-0.16684574982133585
464,0.08342116597481618,0.00014149256825518293,0.055616533327185316,0.02780463264763086,-0.22905463680404997,-0.16384480893611908,-0.32768961787223816,-0.16685444001836408
465,0.08342568565259885,0.00012705324664593338,0.055616533327185316,0.027809152325413533,-0.2290435477671565,-0.16384263336658478,-0.32768526673316956,-0.16686224364531266
466,0.08342974415068823,0.00011409117796126889,0.055616533327185316,0.02781321082350291,-0.22903364265420234,-0.1638406664133072,-0.3276813328266144,-0.1668692513583639
467,0.08343338863900221,0.00010245434252106627,0.055616533327185316,0.027816855311816893,-0.22902482038281027,-0.16383889317512512,-0.32767778635025024,-0.16687554448344444
468,0.08343666143366993,9.200637641127922e-05,0.055616533327185316,0.027820128106484612,-0.2290169721685654,-0.163837268948555,-0.32767453789711,-0.16688119598082815
469,0.08343960049979723,8.262524645449497e-05,0.055616533327185316,0.027823067172611918,-0.22901001118974612,-0.16383583843708038,-0.32767167687416077,-0.1668862713280445
470,0.08344223990766625,7.420156448881129e-05,0.055616533327185316,0.027825706580480933,-0.2290038079976267,-0.1638345569372177,-0.3276691138744354,-0.16689082930142596
471,0.08344461023569315,6.663726818993367e-05,0.055616533327185316,0.02782807690850783,-0.22899827582889085,-0.1638334095478058,-0.3276668190956116,-0.1668949226628227
472,0.08344673893112783,5.984437269735029e-05,0.055616533327185316,0.027830205603942518,-0.22899333712479927,-0.16383236646652222,-0.32766473293304443,-0.16689859877632524
473,0.08344865063335519,5.3744099685537974e-05,0.055616533327185316,0.02783211730616987,-0.22898893425141215,-0.1638314574956894,-0.3276629149913788,-0.166901900173922
474,0.0834503674649839,4.826561233071336e-05,0.055616533327185316,0.02783383413779858,-0.22898498430033865,-0.16383060812950134,-0.3276612162590027,-0.16690486504221305
475,0.08345190928799895,4.334552846785893e-05,0.055616533327185316,0.027835375960813633,-0.22898146480360385,-0.16382987797260284,-0.3276597559452057,-0.16690752767543632
476,0.08345329393972735,3.892686740277573e-05,0.055616533327185316,0.027836760612542033,-0.22897829917546353,-0.16382920742034912,-0.32765841484069824,-0.16690991887455325
477,0.08345453743600358,3.495835345832144e-05,0.055616533327185316,0.02783800410881826,-0.22897546427823753,-0.16382856667041779,-0.32765713334083557,-0.16691206628595628
478,0.08345565415712437,3.139419684286314e-05,0.055616533327185316,0.027839120829939057,-0.22897294914987482,-0.1638280302286148,-0.3276560604572296,-0.16691399474521168
479,0.08345665702072483,2.8193210206126535e-05,0.055616533327185316,0.027840123693539512,-0.22897068047418062,-0.1638275384902954,-0.3276550769805908,-0.1669157265655604
480,0.08345755762898997,2.531844664391687e-05,0.055616533327185316,0.027841024301804657,-0.22896864315244617,-0.1638271063566208,-0.3276542127132416,-0.1669172817885773
481,0.08345836640317761,2.273665068516928e-05,0.055616533327185316,0.027841833075992292,-0.22896680602289943,-0.16382670402526855,-0.3276534080505371,-0.1669186784130771
482,0.08345909270291679,2.041804376965905e-05,0.055616533327185316,0.027842559375731477,-0.22896516062591152,-0.1638263612985611,-0.3276527225971222,-0.16691993260776125
483,0.0834597449368175,1.8335881768255773e-05,0.055616533327185316,0.027843211609632185,-0.22896367189530606,-0.16382606327533722,-0.32765212655067444,-0.16692105890162412
484,0.08346033065689246,1.6465933463963423e-05,0.055616533327185316,0.02784379732970714,-0.22896232135257463,-0.16382575035095215,-0.3276515007019043,-0.16692207033053305
485,0.08346085664356576,1.4786729513534808e-05,0.055616533327185316,0.02784432331638044,-0.22896113123266923,-0.16382552683353424,-0.3276510536670685,-0.1669229786102805
486,0.08346132898923038,1.327870098365626e-05,0.055616533327185316,0.027844795662045063,-0.22896003571327017,-0.16382527351379395,-0.3276505470275879,-0.16692379425917456
487,0.08346175316240964,1.192447097013832e-05,0.055616533327185316,0.027845219835224325,-0.22895907233422105,-0.16382507979869843,-0.32765015959739685,-0.16692452672154703
488,0.08346213407647224,1.0708374418114265e-05,0.055616533327185316,0.027845600749286922,-0.22895819550810903,-0.1638249009847641,-0.3276498019695282,-0.166925184485728
489,0.08346247614337095,9.616264661833452e-06,0.055616533327185316,0.02784594281618563,-0.22895740463447134,-0.16382472217082977,-0.32764944434165955,-0.1669257751668737
490,0.08346278332433832,8.635571139825913e-06,0.055616533327185316,0.027846249997153003,-0.228956704834045,-0.16382458806037903,-0.32764917612075806,-0.16692630560820101
491,0.08346305917845136,7.754911502897848e-06,0.055616533327185316,0.02784652585126604,-0.22895606419742812,-0.16382445394992828,-0.32764890789985657,-0.1669267819565909
492,0.08346330690105737,6.964077434765274e-06,0.055616533327185316,0.027846773573872052,-0.22895549134171866,-0.16382433474063873,-0.32764866948127747,-0.16692720972859248
493,0.08346352936098425,6.253858322457053e-06,0.055616533327185316,0.027846996033798935,-0.2289549775592924,-0.16382421553134918,-0.32764843106269836,-0.1669275938748115
494,0.08346372913372048,5.616078058269835e-06,0.055616533327185316,0.027847195806535163,-0.22895452486728307,-0.16382412612438202,-0.32764825224876404,-0.16692793884408008
495,0.08346390853323542,5.043335639800331e-06,0.055616533327185316,0.0278473752060501,-0.22895411119282427,-0.16382403671741486,-0.3276480734348297,-0.16692824863276776
496,0.08346406963663731,4.528959137081075e-06,0.055616533327185316,0.027847536309451998,-0.2289537418448482,-0.1638239473104477,-0.3276478946208954,-0.16692852682463338
497,0.08346421430832693,4.067004003675372e-06,0.055616533327185316,0.027847680981141612,-0.22895341753990428,-0.16382387280464172,-0.32764774560928345,-0.16692877663854366
498,0.08346434422265778,3.652104262873262e-06,0.055616533327185316,0.02784781089547246,-0.2289531263777464,-0.16382379829883575,-0.3276475965976715,-0.16692900096485955
499,0.08346446088355583,3.279541155206019e-06,0.055616533327185316,0.027847927556370514,-0.22895286987673863,-0.16382375359535217,-0.32764750719070435,-0.16692920240506748
500,0.08333453237055924,-0.012226352587248586,0.023744555778461844,0.059589976592097395,3.083111862150519,-0.1638236939907074,-0.3276473879814148,-0.1671504538574843
501,0.08271646718535465,-0.02894846736033456,0.023744555778461844,0.058971911406892806,0.8382914808447675,-0.1354035586118698,-0.2708071172237396,-0.16626229255352143
502,0.08152694508933955,-0.04581836144019701,0.023744555778461844,0.05778238931087771,-0.401443862379649,-0.13133373856544495,-0.2626674771308899,-0.16415528615467387
503,0.07979792480387715,-0.06049193712077554,0.023744555778461844,0.05605336902541531,-1.0175980526282025,-0.12867744266986847,-0.25735488533973694,-0.1608914261783307
504,0.07762057978117384,-0.07188543297479415,0.023744555778461844,0.053876024002712,-1.260108987810542,-0.12784749269485474,-0.2556949853897095,-0.1566580861883841
505,0.07511035364151794,-0.0797037718177366,0.023744555778461844,0.0513657978630561,-1.2838573063630632,-0.12672118842601776,-0.2534423768520355,-0.15169566973426682
506,0.07238539852871076,-0.08411884844646049,0.023744555778461844,0.048640842750248915,-1.187424048847193,-0.12511302530765533,-0.25022605061531067,-0.14625178436693737
507,0.06955418465748336,-0.08555424660763777,0.023744555778461844,0.04580962887902152,-1.0327313827081972,-0.12339117377996445,-0.2467823475599289,-0.1405548677741212
508,0.06670918688107955,-0.08454553767126133,0.023744555778461844,0.0429646311026177,-0.8578728247335202,-0.1216135025024414,-0.2432270050048828,-0.13480065286931833
509,0.06392450050629392,-0.08164936420103239,0.023744555778461844,0.040179944727832075,-0.6856791806909074,-0.12026243656873703,-0.24052487313747406,-0.12914678284785383
510,0.06125595041249687,-0.07739040240013882,0.023744555778461844,0.03751139463403503,-0.5286744201469653,-0.11930952221155167,-0.23861904442310333,-0.12371287085120364
511,0.05874261314185463,-0.07223196995286148,0.023744555778461844,0.03499805736339279,-0.3930096867117339,-0.11870325356721878,-0.23740650713443756,-0.11858348751071009
512,0.05640907616276633,-0.06656336456751155,0.023744555778461844,0.032664520384304487,-0.2807342164816294,-0.11821725219488144,-0.23643450438976288,-0.11381278357481993
513,0.054267973386948866,-0.060696639306978,0.023744555778461844,0.030523417608487022,-0.19145934638510267,-0.11784392595291138,-0.23568785190582275,-0.10942967596342917
514,0.05232252827613304,-0.05487036274135457,0.023744555778461844,0.028577972497671196,-0.12322497692387309,-0.11757790297269821,-0.23515580594539642,-0.105443129578518
515,0.05056890364940418,-0.049258002599812944,0.023744555778461844,0.026824347870942337,-0.0732662799109052,-0.11724919825792313,-0.23449839651584625,-0.10184708280207015
516,0.048998251266215154,-0.04397709394349457,0.023744555778461844,0.02525369548775331,-0.03863925901938127,-0.11689400672912598,-0.23378801345825195,0.0013752951535839913
517,0.04759844714035143,-0.0390990238400025,0.023744555778461844,0.023853891361889583,-0.016360865093255596,-0.11659687757492065,-0.2331937551498413,0.004247958653160758
518,0.04635549674138868,-0.03465904232405347,0.023744555778461844,0.02261094096292684,-0.0036087411233388282,-0.11634628474712372,-0.23269256949424744,0.006799004799982716
519,0.0452546168277759,-0.030665250901773168,0.023744555778461844,0.021510061049314057,0.002072112810043082,-0.11613273620605469,-0.23226547241210938,0.009058383712972323
520,0.04428103386081394,-0.02710632955057617,0.023744555778461844,0.020536478082352094,0.0027368387897472738,-0.11594866961240768,-0.23189733922481537,0.011056198767805295
521,0.04342054251114373,-0.023957927371658066,0.023744555778461844,0.019675986732681887,4.677322854630896e-05,-0.11578810214996338,-0.23157620429992676,0.01282150995879984
522,0.04265986855392913,-0.021187758211757862,0.023744555778461844,0.018915312775467284,-0.004700470545372173,-0.11564644426107407,-0.23129288852214813,0.01438154893876846
523,0.041986877983682315,-0.018759515574999323,0.023744555778461844,0.01824232220522047,-0.010527450304600275,-0.11552014201879501,-0.23104028403759003,0.015761258824132235
524,0.041390669774460744,-0.016635758706383345,0.023744555778461844,0.0176461139959989,-0.016727748163247208,-0.11540652811527252,-0.23081305623054504,0.01698308072498092
525,0.040861584387162406,-0.014779936922547017,0.023744555778461844,0.01711702860870056,-0.022816373727281503,-0.11530359834432602,-0.23060719668865204,0.018066919766846185
526,0.04039115453891544,-0.013157717205715224,0.023744555778461844,0.016646598760453594,-0.02848324270043563,-0.11520986258983612,-0.23041972517967224,0.01903023491013034
527,0.03997201938536123,-0.01173776789462327,0.023744555778461844,0.016227463606899382,-0.03355167947112208,-0.11512424796819687,-0.23024849593639374,0.019888207988100606
528,0.03959781838897266,-0.010492134107514931,0.023744555778461844,0.015853262610510815,-0.0379428773467747,-0.11504583805799484,-0.23009167611598969,0.020653957513067506
529,0.03926307690959833,-0.009396318246551296,0.023744555778461844,0.015518521131136484,-0.04164666589355642,-0.1149739995598793,-0.2299479991197586,0.02133877174785012
530,0.03896309203929667,-0.008429159795614233,0.023744555778461844,0.015218536260834824,-0.04469801150621026,-0.11490824818611145,-0.2298164963722229,0.02195234280192762
531,0.038693824324225634,-0.007572588978156023,0.023744555778461844,0.01494926854576379,-0.04715895513000354,-0.1148480549454689,-0.2296961098909378,0.022502989617711966
532,0.03845179879013991,-0.006811309461127124,0.023744555778461844,0.014707243011678063,-0.049105283218511035,-0.1147930696606636,-0.2295861393213272,0.02299786248074956
533,0.03823401703758768,-0.006132452444091242,0.023744555778461844,0.014489461259125834,-0.05061684496989197,-0.11474296450614929,-0.22948592901229858,0.02344312505517232
534,0.03803788093660424,-0.005525231297659163,0.023744555778461844,0.014293325158142398,-0.05177112961447192,-0.11469734460115433,-0.22939468920230865,0.023844112662892006
535,0.037861127631351736,-0.004980614885761215,0.023744555778461844,0.014116571852889892,-0.0526393153152878,-0.11465591937303543,-0.22931183874607086,0.02420546729826098
536,0.03770177505452177,-0.004491031681580941,0.023744555778461844,0.013957219276059925,-0.053283996249158465,-0.11461836844682693,-0.22923673689365387,0.02453125088370739
537,0.03755807683767222,-0.004050109856933497,0.023744555778461844,0.013813521059210375,-0.0537583576807843,-0.11458441615104675,-0.2291688323020935,0.024825039048658445
538,0.03742848538386629,-0.0036524553010926324,0.023744555778461844,0.013683929605404446,-0.05410619108523029,-0.11455374211072922,-0.22910748422145844,0.025089997921018722
539,0.03731162185126502,-0.003293465880439511,0.023744555778461844,0.013567066072803176,-0.05436256628131634,-0.11452606320381165,-0.2290521264076233,0.02532894653604925
540,0.03720625187544917,-0.0029691790183560846,0.023744555778461844,0.013461696096987323,-0.05455476427099843,-0.11450115591287613,-0.22900231182575226,0.025544407273999717
541,0.037111265963282764,-0.002676149265270571,0.023744555778461844,0.01336671018482092,-0.0547033627234104,-0.11447873711585999,-0.22895747423171997,0.025738646522337358
542,0.03702566362057182,-0.0024113508941873427,0.023744555778461844,0.01328110784210998,-0.05482344438377838,-0.1144585981965065,-0.228917196393013,0.025913707556857943
543,0.036948540440331204,-0.0021721010514435843,0.023744555778461844,0.01320398466186936,-0.05492563004816421,-0.11444072425365448,-0.22888144850730896,0.02607143724700603
544,0.03687907757620372,-0.0019559942876982285,0.023744555778461844,0.013134521797741876,-0.0550169483310704,-0.11442681401968002,-0.22885362803936005,0.026213507997335142
545,0.036816533010246434,-0.0017608706775070254,0.023744555778461844,0.01307197723178459,-0.0551005944960024,-0.11441434174776077,-0.22882868349552155,0.026341435011589073
546,0.03676023385491636,-0.0015847781640110409,0.023744555778461844,0.013015678076454519,-0.05518007494111169,-0.1144031509757042,-0.2288063019514084,0.02645659253729679
547,0.03670956982679793,-0.0014259441148081694,0.023744555778461844,0.012965014048336089,-0.05525721195518855,-0.11439315229654312,-0.22878630459308624,0.02656022716878216
548,0.036663987567760424,-0.0012827540865280635,0.023744555778461844,0.01291943178929858,-0.05533269644618739,-0.11438415944576263,-0.22876831889152527,0.026653469419190265
549,0.036622985609593456,-0.001153734819535703,0.023744555778461844,0.012878429831131612,-0.055406603131021054,-0.11437610536813736,-0.22875221073627472,0.026737343998003288
550,0.036586109854301316,-0.001037540975291625,0.023744555778461844,0.012841554075839472,-0.05547859400837387,-0.11436888575553894,-0.22873777151107788,0.026812778997924933
551,0.036552949460848035,-0.0009329442845570816,0.023744555778461844,0.01280839368238619,-0.05554817583561852,-0.11436238884925842,-0.22872477769851685,0.02688061425752937
552,0.036523133073570184,-0.0008388239749767618,0.023744555778461844,0.01277857729510834,-0.05561484366910551,-0.11435659229755402,-0.22871318459510803,0.026941609041388648
553,0.036496325348048815,-0.0007541589119311995,0.023744555778461844,0.012751769569586971,-0.055678101749650634,-0.11435136198997498,-0.22870272397994995,0.026996449083827187
554,0.036472223732506706,-0.0006780199181336532,0.023744555778461844,0.012727667954044862,-0.055737610085895575,-0.11434667557477951,-0.22869335114955902,0.02704575315462203
555,0.03645055549582944,-0.0006095629313528873,0.023744555778461844,0.012705999717367598,-0.055793107368181265,-0.11434247344732285,-0.2286849468946457,0.027090079098450737
556,0.03643107497697469,-0.0005480225845134135,0.023744555778461844,0.012686519198512845,-0.05584445883299907,-0.11433868855237961,-0.22867737710475922,0.02712992943567971
557,0.03641356104403658,-0.0004927060884185193,0.023744555778461844,0.012669005265574733,-0.055891652082589845,-0.11433525383472443,-0.22867050766944885,0.027165756540444036
558,0.0363978147572954,-0.00044298703250830697,0.023744555778461844,0.012653258978833556,-0.055934778499556186,-0.11433219909667969,-0.22866439819335938,0.02719796742052498
559,0.036383657229129285,-0.0003983001270961478,0.023744555778461844,0.01263910145066744,-0.05597394684235038,-0.11432943493127823,-0.22865886986255646,0.027226928063552744
560,0.03637092765858445,-0.00035813576721893914,0.023744555778461844,0.012626371880122604,-0.056009373379151906,-0.11432695388793945,-0.2286539077758789,0.027252967465015
561,0.03635948154333621,-0.00032203499801180207,0.023744555778461844,0.012614925764874364,-0.05604128852510678,-0.11432474851608276,-0.22864949703216553,0.027276381278675238
562,0.036349189051063095,-0.00028958517173098346,0.023744555778461844,0.012604633272601251,-0.056069934189605805,-0.1143227219581604,-0.2286454439163208,0.027297435131560382
563,0.036339933537295054,-0.0002604152696663337,0.023744555778461844,0.01259537775883321,-0.0560956189006475,-0.11432090401649475,-0.2286418080329895,0.02731636767569462
564,0.03633161021254282,-0.0002341919326854002,0.023744555778461844,0.012587054434080973,-0.056118598251480974,-0.11431927233934402,-0.22863854467868805,0.027333393303032333
565,0.036324124937857166,-0.00021061568107769938,0.023744555778461844,0.012579569159395322,-0.05613912725293735,-0.11431783437728882,-0.22863566875457764,0.027348704614917438
566,0.03631739313898961,-0.00018941778120257747,0.023744555778461844,0.012572837360527764,-0.05615743322249514,-0.11431652307510376,-0.22863304615020752,0.027362474631828212
567,0.03631133882367947,-0.00017035707354380353,0.023744555778461844,0.012566783045217626,-0.056173770849015314,-0.11431532353162766,-0.2286306470632553,0.027374858814274025
568,0.03630589370245708,-0.00015321701722279896,0.023744555778461844,0.012561337923995233,-0.05618836647727165,-0.1143142506480217,-0.2286285012960434,0.027385996865447113
569,0.03630099640328385,-0.00013780312104857756,0.023744555778461844,0.012556440624822009,-0.056201401948539634,-0.11431331187486649,-0.22862662374973297,0.027396014336553087
570,0.03629659176486334,-0.0001239409318101496,0.023744555778461844,0.012552035986401498,-0.05621303173044897,-0.11431244015693665,-0.2286248803138733,0.027405024062103323
571,0.03629263019855509,-0.00011147373615436413,0.023744555778461844,0.012548074420093244,-0.056223438957267044,-0.11431166529655457,-0.22862333059310913,0.027413127482390373
572,0.03628906712186486,-0.00010026080595403443,0.023744555778461844,0.012544511343403016,-0.05623275067014735,-0.11431096494197845,-0.2286219298839569,0.0274204157926628
573,0.036285862448634035,-9.017567682486674e-05,0.023744555778461844,0.01254130667017219,-0.05624109216077712,-0.11431034654378891,-0.22862069308757782,0.02742697099212152
574,0.03628298013272615,-8.110478220188593e-05,0.023744555778461844,0.012538424354264305,-0.05624856268221868,-0.11430978029966354,-0.2286195605993271,0.02743286681134549
575,0.036280387756793105,-7.294604076689713e-05,0.023744555778461844,0.01253583197833126,-0.05625526797851215,-0.11430927366018295,-0.2286185473203659,0.027438169560308492
576,0.03627805616503304,-6.560774573740494e-05,0.023744555778461844,0.012533500386571195,-0.05626128838224067,-0.11430880427360535,-0.2286176085472107,0.02744293887440713
577,0.03627595913334617,-5.9007343615230575e-05,0.023744555778461844,0.012531403354884327,-0.05626670693280618,-0.11430840194225311,-0.22861680388450623,0.027447228397813772
578,0.03627407307589609,-5.307064466100072e-05,0.023744555778461844,0.012529517297434248,-0.056271569956344504,-0.11430803686380386,-0.22861607372760773,0.027451086373424846
579,0.03627237677699962,-4.773101850525014e-05,0.023744555778461844,0.012527820998537775,-0.05627594145235215,-0.11430768668651581,-0.22861537337303162,0.027454556193971982
580,0.03627085115186545,-4.292840071909077e-05,0.023744555778461844,0.012526295373403606,-0.05627988831979316,-0.11430739611387253,-0.22861479222774506,0.027457676901367314
581,0.036269479035987276,-3.8608766763115275e-05,0.023744555778461844,0.012524923257525432,-0.056283431552971094,-0.11430714279413223,-0.22861428558826447,0.027460483605565467
582,0.03626824499036335,-3.472364995658063e-05,0.023744555778461844,0.012523689211901508,-0.056286610582455404,-0.11430688947439194,-0.22861377894878387,0.0274630078823994
583,0.036267135126046325,-3.1229339987871754e-05,0.023744555778461844,0.012522579347584481,-0.05628948420046856,-0.11430668085813522,-0.22861336171627045,0.02746527814522498
584,0.036266136950579154,-2.8086616159177125e-05,0.023744555778461844,0.01252158117211731,-0.05629206498028082,-0.11430647224187851,-0.22861294448375702,0.027467319943500906
585,0.03626523922656292,-2.5260042739525256e-05,0.023744555778461844,0.012520683448101075,-0.05629439925810783,-0.11430631577968597,-0.22861263155937195,0.02746915626875343
586,0.03626443184801963,-2.2717908054413966e-05,0.023744555778461844,0.01251987606955779,-0.056296485631814,-0.11430614441633224,-0.2286122888326645,0.0274708077871013
587,0.03626370572313258,-2.0431594564497972e-05,0.023744555778461844,0.012519149944670738,-0.05629837621945225,-0.1143060028553009,-0.2286120057106018,0.027472293098893666
588,0.03626305267508602,-1.8375362373694324e-05,0.023744555778461844,0.012518496896624175,-0.056300076458677066,-0.11430587619543076,-0.2286117523908615,0.02747362892975584
589,0.03626246534958826,-1.652608111580992e-05,0.023744555778461844,0.012517909571126418,-0.05630160535334383,-0.1143057569861412,-0.2286115139722824,0.027474830322265442
590,0.03626193713215042,-1.486289637019727e-05,0.023744555778461844,0.012517381353688573,-0.05630298402309134,-0.11430566012859344,-0.2286113202571869,0.0274759108083185
591,0.036261462075027215,-1.336704990953746e-05,0.023744555778461844,0.01251690629656537,-0.05630421903677154,-0.11430557817220688,-0.22861115634441376,0.027476882554573298
592,0.03626103482920798,-1.2021750130867352e-05,0.023744555778461844,0.012516479050746133,-0.05630532359064483,-0.11430548876523972,-0.22861097753047943,0.02747775649989674
593,0.036260650581780685,-1.0811930213112328e-05,0.023744555778461844,0.01251609480331884,-0.05630632436509616,-0.11430539190769196,-0.2286107838153839,0.027478542487355276
594,0.03626030500324325,-9.723857067055684e-06,0.023744555778461844,0.012515749224781408,-0.056307239830487084,-0.11430533975362778,-0.22861067950725555,0.027479249379197587
595,0.03625999420310646,-8.745224412233686e-06,0.023744555778461844,0.012515438424644615,-0.056308047883326245,-0.1143052950501442,-0.2286105901002884,0.027479885132703274
596,0.03625971468238542,-7.865125443733057e-06,0.023744555778461844,0.012515158903923573,-0.05630876441387063,-0.11430522054433823,-0.22861044108867645,0.027480456899678027
597,0.03625946329175363,-7.0736071683743175e-06,0.023744555778461844,0.012514907513291783,-0.05630942653517069,-0.11430517584085464,-0.2286103516817093,0.02748097112676612
598,0.03625923720034441,-6.3617263152630565e-06,0.023744555778461844,0.012514681421882563,-0.05631001681259226,-0.11430513858795166,-0.22861027717590332,0.02748143360440465
599,0.03625903386221315,-5.7215253500546896e-06,0.023744555778461844,0.012514478083751307,-0.056310542665355304,-0.11430508643388748,-0.22861017286777496,0.02748184953743746
600,0.035588399358095005,-0.06305941089962641,-0.14058737874193858,0.1761757781000336,17.02069537995745,-0.11430506408214569,-0.22861012816429138,0.02634086524294682
601,0.032412057222882124,-0.1482371817533962,-0.14058737874193858,0.1729994359648207,5.44639868975782,-0.24927084147930145,-0.4985416829586029,0.030940368601778845
602,0.026331775855398684,-0.23370688253205313,-0.14058737874193858,0.16691915459733725,-0.7548864761085597,-0.2546442747116089,-0.5092885494232178,0.04173138553008343
603,0.017522529938011455,-0.307757480819301,-0.14058737874193858,0.15810990867995003,-3.810184142185394,-0.2550508677959442,-0.5101017355918884,0.058376312000399264
604,0.006453734431470565,-0.365065312788164,-0.14058737874193858,0.14704111317340915,-4.990057383221286,-0.2506181299686432,-0.5012362599372864,0.07990806100419157
605,-0.006287511761026753,-0.40427472578696094,-0.14058737874193858,0.13429986698091181,-5.082722876807097,-0.23403170704841614,-0.4680634140968323,0.07995248638109578
606,-0.02010472972041728,-0.4263746819635044,-0.14058737874193858,0.1204826490215213,-4.5867929876841815,-0.20238865911960602,-0.40477731823921204,0.05228902442038074
607,-0.03445532935550588,-0.4337195288728316,-0.14058737874193858,0.1061320493864327,-3.8162406860577587,-0.12637574970722198,-0.25275149941444397,0.023753964480435263
608,-0.048883144971531345,-0.42906189286766055,-0.14058737874193858,0.09170423377040723,-2.984685955334853,-0.05650870501995087,-0.11301741003990173,-0.004791568970420254
609,-0.06302447820582496,-0.41511927600061865,-0.14058737874193858,0.07756290053611362,-2.184319453843405,-0.009653900749981403,-0.019307801499962807,-0.13266358697738723
610,-0.07660341883220187,-0.39435615164864407,-0.14058737874193858,0.06398395990973671,-1.454868698898726,0.006267210468649864,0.012534420937299728,-0.15934570462045905
611,-0.08942286991947981,-0.3689887990655641,-0.14058737874193858,0.051164508822458765,-0.808623334130446,0.015179306268692017,0.030358612537384033,-0.18447572870495987
612,-0.1013554465457265,-0.340906320445357,-0.14058737874193858,0.039231932196212085,-0.26194683436131305,0.019253697246313095,0.03850739449262619,-0.20782363248747418
613,-0.11233220229802016,-0.31165539572300416,-0.14058737874193858,0.028255176443918423,0.1824039223855208,0.022518718615174294,0.04503743723034859,-0.22927041862989683
614,-0.12233096615023241,-0.2824206287095362,-0.14058737874193858,0.01825641259170617,0.5284357322090577,0.019725628197193146,0.03945125639438629,-0.24878419988372938
615,-0.13136496242585533,-0.25409411033743523,-0.14058737874193858,0.009222416316083254,0.7900020732995024,0.01906026154756546,0.03812052309513092,-0.2664006340929595
616,-0.13947352317580067,-0.22730134854091602,-0.14058737874193858,0.0011138555661379113,0.9766549969509007,0.019866719841957092,0.039733439683914185,-0.2822035530287018
617,-0.14671364861137703,-0.2024363841530366,-0.14058737874193858,0.006126269869438455,1.1006423412532405,0.020540736615657806,0.04108147323131561,-0.30856153073370646
618,-0.15315289894870587,-0.17970995046437702,-0.14058737874193858,0.012565520206767294,1.1754145269866976,0.02138480171561241,0.04276960343122482,-0.32173054575795945
619,-0.15886391396982186,-0.1591964574807925,-0.14058737874193858,0.018276535227883278,1.212805377520825,0.02355988323688507,0.04711976647377014,-0.3313986658347993
620,-0.16392028950201126,-0.14086157033858565,-0.14058737874193858,0.023332910760072684,1.2222133018430215,0.025049157440662384,0.05009831488132477,-0.3399400330531412
621,-0.16839341581633865,-0.12459870254559835,-0.14058737874193858,0.027806037074400075,1.2129953330825847,0.026202604174613953,0.052405208349227905,-0.34748989307428463
622,-0.1723504595926437,-0.11025649307967907,-0.14058737874193858,0.03176308085070512,1.19215076239911,0.027169927954673767,0.054339855909347534,-0.3541707876155764
623,-0.17585316158203476,-0.09765909539525977,-0.14058737874193858,0.03526578284009618,1.1648814457245051,0.027887441217899323,0.055774882435798645,-0.36009197992322356
624,-0.17895723865454,-0.08662154472496268,-0.14058737874193858,0.03836985991260142,1.13504456673735,0.028317464515566826,0.05663492903113365,-0.3653496316178334
625,-0.18171224163849226,-0.07696107729945217,-0.14058737874193858,0.04112486289655368,1.1053558778775672,0.028512826189398766,0.05702565237879753,-0.3700275401259094
626,-0.184161750806135,-0.068505750160064,-0.14058737874193858,0.043574372064196426,1.0775551992120216,0.028826240450143814,0.05765248090028763,-0.37419829828791595
627,-0.18634379511584603,-0.061097769863616515,-0.14058737874193858,0.045756416373907455,1.0524379806058852,0.029171675443649292,0.058343350887298584,-0.3779245230345839
628,-0.18829135225659407,-0.05459532005552164,-0.14058737874193858,0.047703973514655496,1.0304424236989465,0.02948521263897419,0.05897042527794838,-0.3812600276567123
629,-0.19003289506650067,-0.048873412366261075,-0.14058737874193858,0.049445516324562094,1.0117157680636448,0.02979336306452751,0.05958672612905502,-0.384251003561221
630,-0.19159295164496737,-0.04382360311770057,-0.14058737874193858,0.05100557290302879,0.9961394946152532,0.030126206576824188,0.060252413153648376,-0.3869371400242865
631,-0.19299264171896335,-0.039352649193820546,-0.14058737874193858,0.052405262977024775,0.9834283699220352,0.030427638441324234,0.06085527688264847,-0.3893526059716137
632,-0.19425016526199818,-0.035381154636880165,-0.14058737874193858,0.0536627865200596,0.9732652420754679,0.03070065937936306,0.06140131875872612,-0.39152691179887517
633,-0.19538124349555683,-0.03184198515493296,-0.14058737874193858,0.05479386475361825,0.965288882511281,0.03094790130853653,0.06189580261707306,-0.393485664482419
634,-0.19639950583511248,-0.028678625476424607,-0.14058737874193858,0.0558121270931739,0.9591336539128975,0.03117171674966812,0.06234343349933624,-0.39525120528360186
635,-0.19731682251347862,-0.025843591101694794,-0.14058737874193858,0.056729443771540045,0.9544547574725356,0.03137417882680893,0.06274835765361786,-0.39684314126040815
636,-0.19814358573559895,-0.023296964105915367,-0.14058737874193858,0.057556206993660375,0.9509428777141334,0.03155720606446266,0.06311441212892532,-0.398278782898614
637,-0.19888894408174115,-0.021005090152364004,-0.14058737874193858,0.058301565339802575,0.9483311037033988,0.031722526997327805,0.06344505399465561,-0.3995735010172427
638,-0.1995609957920242,-0.01893945178005576,-0.14058737874193858,0.05897361705008561,0.946396615240631,0.03187176585197449,0.06374353170394897,-0.4007410158833342
639,-0.20016694683242023,-0.017075716542510763,-0.14058737874193858,0.05957956809048165,0.9449588431734969,0.03200634568929672,0.06401269137859344,-0.401793630532362
640,-0.20071323945663633,-0.015392949735356133,-0.14058737874193858,0.06012586071469775,0.9438756266374557,0.032127633690834045,0.06425526738166809,-0.4027424190242566
641,-0.20120565653784872,-0.013872974433945742,-0.14058737874193858,0.06061827779591014,0.9430381727958308,0.03223687410354614,0.06447374820709229,-0.40359737887860714
642,-0.20164940632718406,-0.012499859452730171,-0.14058737874193858,0.06106202758524548,0.9423657288776138,0.03233521431684494,0.06467042863368988,-0.40436755541633995
643,-0.20204919163490673,-0.011259514985522818,-0.14058737874193858,0.06146181289296815,0.9418003496455889,0.03242367133498192,0.06484734266996384,-0.4050611443268123
644,-0.20240926676929918,-0.010139377176561435,-0.14058737874193858,0.061821888027360605,0.9413021089926417,0.03250323608517647,0.06500647217035294,-0.4056855775318189
645,-0.20273348495517318,-0.009128163609357857,-0.14058737874193858,0.0621461062132346,0.9408448139032969,0.03257477656006813,0.06514955312013626,-0.40624759627668827
646,-0.20302533838694384,-0.008215684643650908,-0.14058737874193858,0.06243795964500526,0.9404124595184218,0.03263905271887779,0.06527810543775558,-0.4067533144378409
647,-0.20328799260535396,-0.007392698212755687,-0.14058737874193858,0.06270061386341538,0.9399963092774586,0.03269684314727783,0.06539368629455566,-0.4072082743397558
648,-0.2035243164906945,-0.006650796574478571,-0.14058737874193858,0.06293693774875592,0.9395924921419064,0.03274876996874809,0.06549753993749619,-0.40761749669545344
649,-0.20373690882404005,-0.005982317249217254,-0.14058737874193858,0.06314953008210147,0.9392002951565609,0.032795414328575134,0.06559082865715027,-0.40798552584388653
650,-0.2039281221317333,-0.005380271560718368,-0.14058737874193858,0.06334074338979473,0.9388208073070365,0.03283734992146492,0.06567469984292984,-0.40831647114919584
651,-0.20410008432265533,-0.004838285182533555,-0.14058737874193858,0.06351270558071676,0.9384559380199663,0.03287501633167267,0.06575003266334534,-0.40861404509535937
652,-0.2042547184730468,-0.00435054783315066,-0.14058737874193858,0.06366733973110822,0.9381078460659154,0.03290887922048569,0.06581775844097137,-0.4088815984881426
653,-0.20439376102104828,-0.003911768820389288,-0.14058737874193858,0.0638063822791097,0.9377784680990058,0.03293931484222412,0.06587862968444824,-0.4091221530311175
654,-0.20451877854178344,-0.003517136992093831,-0.14058737874193858,0.06393139979984486,0.9374693341065453,0.03296666964888573,0.06593333929777145,-0.40933843145390675
655,-0.20463118323224277,-0.0031622838015686015,-0.14058737874193858,0.0640438044903042,0.9371814523741311,0.03299124911427498,0.06598249822854996,-0.40953288534502336
656,-0.20473224719934943,-0.0028432488279848834,-0.14058737874193858,0.06414486845741085,0.9369152964004842,0.03301334008574486,0.06602668017148972,-0.4097077208072048
657,-0.20482311562678968,-0.0025564473288818006,-0.14058737874193858,0.0642357368848511,0.9366708326954213,0.03303322568535805,0.0660664513707161,-0.40986492204746366
658,-0.2049048188816493,-0.002298639299348256,-0.14058737874193858,0.06431744013971072,0.9364475770668504,0.03305111825466156,0.06610223650932312,-0.41000627298312564
659,-0.20497828361100662,-0.0020669001615155375,-0.14058737874193858,0.06439090486906804,0.9362447192764559,0.03306718170642853,0.06613436341285706,-0.41013337695944635
660,-0.20504434288746734,-0.0018585934893315594,-0.14058737874193858,0.06445696414552876,0.9360612191827081,0.03308163955807686,0.06616327911615372,-0.41024767472586193
661,-0.20510374546509916,-0.0016713450639240894,-0.14058737874193858,0.06451636672316058,0.9358958215441262,0.03309464454650879,0.06618928909301758,-0.4103504607610263
662,-0.20515716419244678,-0.0015030186531870095,-0.14058737874193858,0.0645697854505082,0.9357471809358612,0.033106330782175064,0.06621266156435013,-0.4104428980449006
663,-0.20520520364247516,-0.001351693641476365,-0.14058737874193858,0.06461782490053658,0.9356139179418347,0.03311685100197792,0.06623370200395584,-0.41052603141705246
664,-0.2052484070178918,-0.001215644172999167,-0.14058737874193858,0.06466102827595321,0.9354946406699619,0.033126313239336014,0.06625262647867203,-0.4106007996198502
665,-0.20528726238392644,-0.0010933200450736341,-0.14058737874193858,0.06469988364198787,0.9353880104960339,0.033134825527668,0.066269651055336,-0.4106680461361412
666,-0.20532220828588854,-0.0009833291979662543,-0.14058737874193858,0.06473482954394996,0.9352927550769768,0.03314248099923134,0.06628496199846268,-0.4107285289336375
667,-0.20535363880416913,-0.0008844217867781022,-0.14058737874193858,0.06476626006223055,0.9352076889236706,0.033149369060993195,0.06629873812198639,-0.4107829292159577
668,-0.20538190809816345,-0.0007954757209675371,-0.14058737874193858,0.06479452935622487,0.9351317181624532,0.033155571669340134,0.06631114333868027,-0.41083185927636956
669,-0.20540733448602153,-0.0007154835107712304,-0.14058737874193858,0.06481995574408295,0.9350638448306345,0.03316114470362663,0.06632228940725327,-0.4108758695354397
670,-0.20543020410440269,-0.0006435405187925936,-0.14058737874193858,0.06484282536246411,0.9350031798650914,0.03316615894436836,0.06633231788873672,-0.41091545485312614
671,-0.20545077419174673,-0.0005788342795737229,-0.14058737874193858,0.06486339544980815,0.9349489196017116,0.033170655369758606,0.06634131073951721,-0.41095106018481614
672,-0.2054692760320444,-0.0005206351015266526,-0.14058737874193858,0.06488189729010582,0.9349003597064244,0.03317471221089363,0.06634942442178726,-0.4109830856594628
673,-0.2054859175968585,-0.00046828742862681434,-0.14058737874193858,0.06489853885491992,0.9348568540844853,0.033178362995386124,0.06635672599077225,-0.41101189112996245
674,-0.20550088591209187,-0.00042120220246075386,-0.14058737874193858,0.06491350717015329,0.9348178443921276,0.033181652426719666,0.06636330485343933,-0.4110378002495402
675,-0.20551434918011857,-0.00037884990918343834,-0.14058737874193858,0.06492697043817999,0.934782835604515,0.03318459168076515,0.0663691833615303,-0.41106110412372304
676,-0.2055264586831334,-0.00034075467412944473,-0.14058737874193858,0.06493907994119483,0.9347514096945838,0.03318725898861885,0.0663745179772377,-0.41108206460298813
677,-0.20553735049440164,-0.0003064885387564329,-0.14058737874193858,0.06494997175246306,0.9347231622922266,0.03318963944911957,0.06637927889823914,-0.4111009172270093
678,-0.2055471470088933,-0.00027566664468142417,-0.14058737874193858,0.06495976826695471,0.9346977739577568,0.03319176658987999,0.06638353317975998,-0.4111178738645123
679,-0.20555595832250326,-0.0002479430480862092,-0.14058737874193858,0.06496857958056468,0.9346749519535977,0.033193714916706085,0.06638742983341217,-0.4111331251110208
680,-0.20556388347298193,-0.00022300648941098446,-0.14058737874193858,0.06497650473104336,0.9346544008167549,0.03319545462727547,0.06639090925455093,-0.4111468424209131
681,-0.2055710115483295,-0.00020057697035395403,-0.14058737874193858,0.06498363280639091,0.9346359036557925,0.03319701552391052,0.06639403104782104,-0.41115918002052426
682,-0.2055774226864778,-0.0001804026359454893,-0.14058737874193858,0.06499004394453922,0.9346192549957973,0.03319842368364334,0.06639684736728668,-0.4111702766429012
683,-0.20558318897413438,-0.00016225686876161657,-0.14058737874193858,0.0649958102321958,0.934604264819166,0.03319967910647392,0.06639935821294785,-0.41118025707936345
684,-0.20558837525397028,-0.0001459358191174281,-0.14058737874193858,0.0650009965120317,0.9345907753750076,0.03320080786943436,0.06640161573886871,-0.4111892335787323
685,-0.2055930398531601,-0.00013125617167762137,-0.14058737874193858,0.06500566111122152,0.9345786344076359,0.03320183977484703,0.06640367954969406,-0.4111973071140939
686,-0.2055972352387961,-0.00011805297596099812,-0.14058737874193858,0.06500985649685753,0.9345676947787797,0.03320276737213135,0.0664055347442627,-0.4112045685120263
687,-0.20560100860439737,-0.00010617778151648885,-0.14058737874193858,0.06501362986245879,0.9345578418109364,0.03320359066128731,0.06640718132257462,-0.41121109946347184
688,-0.20560440239798627,-9.549704746696136e-05,-0.14058737874193858,0.0650170236560477,0.9345489776738438,0.0332043282687664,0.0664086565375328,-0.4112169734419348
689,-0.20560745479945103,-8.589069885659509e-05,-0.14058737874193858,0.06502007605751245,0.9345410044113888,0.033205002546310425,0.06641000509262085,-0.41122225653530964
690,-0.20561020015059187,-7.725072135031564e-05,-0.14058737874193858,0.06502282140865329,0.9345338243190592,0.03320561349391937,0.06641122698783875,-0.41122700818839203
691,-0.20561266933965022,-6.947987096759473e-05,-0.14058737874193858,0.06502529059771164,0.9345273578065044,0.03320614621043205,0.0664122924208641,-0.41123128186190716
692,-0.20561489014675008,-6.249072390575054e-05,-0.14058737874193858,0.0650275114048115,0.9345215480506022,0.03320663049817085,0.0664132609963417,-0.41123512563679526
693,-0.20561688755804455,-5.620467628043956e-05,-0.14058737874193858,0.06502950881610597,0.9345163226346764,0.03320707380771637,0.06641414761543274,-0.4112385827611976
694,-0.20561868404710773,-5.055101073467504e-05,-0.14058737874193858,0.06503130530516915,0.934511617509592,0.033207472413778305,0.06641494482755661,-0.4112416921338154
695,-0.20562029982679597,-4.5466095611067676e-05,-0.14058737874193858,0.06503292108485739,0.934507382853202,0.03320782631635666,0.06641565263271332,-0.41124448873806074
696,-0.20562175307569872,-4.089267150829891e-05,-0.14058737874193858,0.06503437433376014,0.9345035759366535,0.03320813551545143,0.06641627103090286,-0.41124700403387554
697,-0.20562306014258097,-3.677928233132147e-05,-0.14058737874193858,0.06503568140064239,0.9345001593781191,0.033208418637514114,0.06641683727502823,-0.41124926631616077
698,-0.20562423573218871,-3.307970074603684e-05,-0.14058737874193858,0.06503685699025014,0.9344970873613866,0.033208686858415604,0.06641737371683121,-0.41125130103902247
699,-0.20562529307126973,-2.9752295171907735e-05,-0.14058737874193858,0.06503791432933115,0.9344943156623872,0.03320892155170441,0.06641784310340881,-0.41125313109637907
700,-0.20510646255458492,0.04885736445574734,-0.013185645516510382,0.19192081703807454,-12.304810816424238,0.033209122717380524,0.06641824543476105,-0.41213696281527246
701,-0.20264062415133507,0.11530033980744317,-0.013185645516510382,0.1894549786348247,-3.3316003310365456,0.028414681553840637,0.056829363107681274,-0.4085804268897925
702,-0.19790656766913395,0.18217914293900894,-0.013185645516510382,0.18472092215262356,1.5502402588922246,0.015017438679933548,0.030034877359867096,-0.40018803600301717
703,-0.1910348085045048,0.24028834982141478,-0.013185645516510382,0.1778491629879944,3.9711489084091265,-0.00015036785043776035,-0.0003007357008755207,-0.38721227533545116
704,-0.18238775306740734,0.2854148185030927,-0.013185645516510382,0.16920210755089696,4.922754620693749,-0.017065491527318954,-0.03413098305463791,-0.3703991916228719
705,-0.17242200381825615,0.3164020619380447,-0.013185645516510382,0.15923635830174576,5.020364438515167,-0.028183531016111374,-0.05636706203222275,-0.3506983614842633
706,-0.16160480790827592,0.33392954234121064,-0.013185645516510382,0.14841916239176553,4.64437245985636,-0.039653703570365906,-0.07930740714073181,-0.32908889702363214
707,-0.15036521108228354,0.3396678369010211,-0.013185645516510382,0.13717956556577315,4.037888680347437,-0.05041639506816864,-0.10083279013633728,-0.3064742171836258
708,-0.13906926310100434,0.33572129926646876,-0.013185645516510382,0.12588361758449396,3.3508073051153486,-0.05822603404521942,-0.11645206809043884,-0.2836286431840529
709,-0.1280106923874743,0.32428851212913073,-0.013185645516510382,0.11482504687096393,2.6716332234389073,-0.06487401574850082,-0.12974803149700165,-0.26117723966787515
710,-0.11741097652537529,0.30744731252087054,-0.013185645516510382,0.1042253310088649,2.051450010936881,-0.07048612833023071,-0.14097225666046143,-0.23959460281469505
711,-0.1074252769075708,0.2870299881111842,-0.013185645516510382,0.09423963139106041,1.5155070263497195,-0.07375971227884293,-0.14751942455768585,-0.21921635360289632
712,-0.09815155299212701,0.26456757370946066,-0.013185645516510382,0.08496590747561662,1.0714176669540318,-0.07359284907579422,-0.14718569815158844,-0.20025776075428325
713,-0.0896408958865595,0.2412764633476151,-0.013185645516510382,0.07645525037004912,0.7160254935955098,-0.06832218915224075,-0.1366443783044815,-0.18283495783493225
714,-0.08190774623945085,0.21808706875099304,-0.013185645516510382,0.06872210072294047,0.4395624997448907,-0.05978703126311302,-0.11957406252622604,-0.1669866962693427
715,-0.07493881849928116,0.19569365843047298,-0.013185645516510382,0.061753172982770776,0.23128455035432302,-0.053312040865421295,-0.10662408173084259,-0.1526933921799163
716,-0.0687005580182613,0.17458053624438297,-0.013185645516510382,0.05551491250175092,0.08291276746817122,-0.04913470894098282,-0.09826941788196564,-0.1398918823677219
717,-0.06314569992803329,0.15505657288432048,-0.013185645516510382,0.0499600544115229,-0.015163823147147966,-0.047825753688812256,-0.09565150737762451,-0.1284893704100546
718,-0.058218792859208654,0.13727687365742597,-0.013185645516510382,0.04503314734269827,-0.0723023724275154,-0.046332888305187225,-0.09266577661037445,-0.11837452233246397
719,-0.0538607812552448,0.12128828933399895,-0.013185645516510382,0.04067513573873442,-0.09939470897098804,-0.04635557532310486,-0.09271115064620972,-0.1094279653732257
720,-0.05001207544036896,0.10706854316563441,-0.013185645516510382,0.03682642992385858,-0.10420316651523642,-0.05067790299654007,-0.10135580599308014,-0.10152887222414379
721,-0.04661477977181323,0.09452340634230874,-0.013185645516510382,0.03342913425530285,-0.09131916377845879,-0.05362364649772644,-0.10724729299545288,0.005441565807813839
722,-0.04361479304663118,0.08351533114570647,-0.013185645516510382,0.030429147530120795,-0.0687536430479812,-0.054823920130729675,-0.10964784026145935,0.011594634074634375
723,-0.040962893129364186,0.07389009409624649,-0.013185645516510382,0.027777247612853804,-0.04233893171333903,-0.05551168695092201,-0.11102337390184402,0.01703160895372631
724,-0.03861503857413994,0.06549393132435823,-0.013185645516510382,0.02542939305762956,-0.015166044937804109,-0.056941479444503784,-0.11388295888900757,0.02184308084072646
725,-0.03653228228999608,0.0581758425024338,-0.013185645516510382,0.0233466367734857,0.011537561333638195,-0.05817394703626633,-0.11634789407253265,0.026109399579030024
726,-0.03468060349202204,0.05179412312915856,-0.013185645516510382,0.021494957975511656,0.0363043779763774,-0.059292301535606384,-0.11858460307121277,0.029900765657472045
727,-0.0330305435688517,0.04621984549233071,-0.013185645516510382,0.019844898052341315,0.058368253953012185,-0.060325346887111664,-0.12065069377422333,0.033277980510850416
728,-0.03155675462841672,0.04133838388280471,-0.013185645516510382,0.01837110911190634,0.07741693350353411,-0.06127262860536575,-0.1225452572107315,0.0362933604894613
729,-0.030237515590657207,0.037049708756955985,-0.013185645516510382,0.017051870074146824,0.09342888945256529,-0.062137238681316376,-0.12427447736263275,0.0389917224185973
730,-0.02905425069639998,0.03326784408482224,-0.013185645516510382,0.015868605179889597,0.10657431633356865,-0.0629265233874321,-0.1258530467748642,0.041411371297216164
731,-0.02799107415202514,0.029919779203383463,-0.013185645516510382,0.014805428635514758,0.1171393142491774,-0.06364679336547852,-0.12729358673095703,0.04358503928015539
732,-0.02703437227934951,0.026944401970099088,-0.013185645516510382,0.013848726762839127,0.12546594229295707,-0.06438920646905899,-0.12877841293811798,0.04554073721547166
733,-0.026172427559680286,0.024290830681122925,-0.013185645516510382,0.012986782043169904,0.1319683961257289,-0.06516732275485992,-0.13033464550971985,0.04730254806625251
734,-0.02539510320965548,0.02191643191350317,-0.013185645516510382,0.012209457693145097,0.1370266546702202,-0.06588701903820038,-0.13177403807640076,0.04889129633503869
735,-0.02469358679794416,0.01978557967720087,-0.013185645516510382,0.011507941281433776,0.14090480409066466,-0.06655028462409973,-0.13310056924819946,0.05032506383196296
736,-0.024060172754178915,0.017868460520563283,-0.013185645516510382,0.010874527237668533,0.14384556836164591,-0.06715095788240433,-0.13430191576480865,0.05161964550937926
737,-0.023488082532626544,0.016140068302068718,-0.013185645516510382,0.010302437016116162,0.14605503166835151,-0.06769450753927231,-0.13538901507854462,0.05278892174119585
738,-0.022971316450530146,0.014579323297970005,-0.013185645516510382,0.009785670934019764,0.14770973684343477,-0.068185955286026,-0.136371910572052,0.05384516701613761
739,-0.022504533129141545,0.0131683248825005,-0.013185645516510382,0.009318887612631162,0.14895493391456602,-0.06862997263669968,-0.13725994527339935,0.05479930081898049
740,-0.022082952115647782,0.011891732916773921,-0.013185645516510382,0.0088973065991374,0.14990609995280194,-0.06903088092803955,-0.1380617618560791,0.0556610901363595
741,-0.021702274711615774,0.010736343422989151,-0.013185645516510382,0.008516629195105391,0.15065213325058582,-0.06941355019807816,-0.1388271003961563,0.05643931080965101
742,-0.02135861940381535,0.009690571985247774,-0.013185645516510382,0.008172973887304969,0.15127343816617358,-0.06976322084665298,-0.13952644169330597,0.05714188790090734
743,-0.021048472149707773,0.008744182293325218,-0.013185645516510382,0.00786282663319739,0.15181289142815768,-0.07008993625640869,-0.14017987251281738,0.057775993840025776
744,-0.020768644642989338,0.007888054029964228,-0.013185645516510382,0.007582999126478956,0.1523049710281985,-0.07040112465620041,-0.14080224931240082,0.058348135519241555
745,-0.020516240538613065,0.007113919189423257,-0.013185645516510382,0.007330595022102683,0.15277485000070162,-0.07068170607089996,-0.14136341214179993,0.058864227067678986
746,-0.020288628840834683,0.006414259322909777,-0.013185645516510382,0.0071029833243243,0.15322531800035616,-0.07093464583158493,-0.14186929166316986,0.05932964104996353
747,-0.020083420105112208,0.005782220044541448,-0.013185645516510382,0.006897774588601826,0.15365791178437038,-0.07116260379552841,-0.14232520759105682,0.05974925752327099
748,-0.01989844526403694,0.005211541944758962,-0.013185645516510382,0.0067127997475265565,0.1540729414228261,-0.07136800140142441,-0.14273600280284882,0.06012750721576345
749,-0.019731736576374212,0.004696504341507794,-0.013185645516510382,0.00654609105986383,0.1544698484671179,-0.0715530589222908,-0.1431061178445816,0.06046841031783892
750,-0.019581510338491263,0.0042318764247479485,-0.013185645516510382,0.00639586482198088,0.15484762107473873,-0.0717192217707634,-0.1434384435415268,0.060775611739663025
751,-0.019446151098154594,0.0038128784295744793,-0.013185645516510382,0.0062605055816442115,0.15520474474784127,-0.07186822593212128,-0.14373645186424255,0.06105241312254876
752,-0.019324197055842807,0.003435150349391621,-0.013185645516510382,0.006138551539332425,0.15553995100097165,-0.07200244814157486,-0.14400489628314972,0.061301802413156595
753,-0.01921432650366106,0.0030947192536603775,-0.013185645516510382,0.006028680987150679,0.15585288334206898,-0.07212336361408234,-0.14424672722816467,0.061526481582176606
754,-0.019115345324378953,0.002787969714943956,-0.013185645516510382,0.005929699807868571,0.15614339434760635,-0.07223231345415115,-0.1444646269083023,0.06172889204477701
755,-0.01902617544806238,0.00251161613246894,-0.013185645516510382,0.005840529931551999,0.1564116330485971,-0.07233043760061264,-0.14466087520122528,0.06191123817356836
756,-0.018945844203351585,0.002262677208208883,-0.013185645516510382,0.005760198686841203,0.15665800897070883,-0.07241883873939514,-0.14483767747879028,0.062075508977597185
757,-0.018873474500528162,0.0020384516751098024,-0.013185645516510382,0.005687828984017779,0.15688324196817574,-0.07249849289655685,-0.1449969857931137,0.062223498118011616
758,-0.018808275808355507,0.001836495150105477,-0.013185645516510382,0.0056226302918451244,0.1570882890535776,-0.07257023453712463,-0.14514046907424927,0.062356822317956376
759,-0.018749535882869182,0.0016545985525658114,-0.013185645516510382,0.005563890366358799,0.15727425611835316,-0.07263486832380295,-0.1452697366476059,0.06247693823211967
760,-0.018696613199083684,0.0014907676801614997,-0.013185645516510382,0.005510967682573302,0.15744239266730797,-0.0726931169629097,-0.1453862339258194,0.06258515790161007
761,-0.01864893004807577,0.001343203944182024,-0.013185645516510382,0.005463284531565388,0.15759402678288587,-0.07274561375379562,-0.14549122750759125,0.06268266285764729
762,-0.01860596625971736,0.0012102863660407282,-0.013185645516510382,0.005420320743206978,0.15773050184075205,-0.0727929174900055,-0.145585834980011,0.06277051695062166
763,-0.018567253509370316,0.0010905547756876195,-0.013185645516510382,0.005381607992859933,0.1578531346138857,-0.07283549755811691,-0.14567099511623383,0.06284967799282204
764,-0.018532370160730977,0.000982694954777532,-0.013185645516510382,0.005346724644220594,0.15796316971116017,-0.07287392765283585,-0.1457478553056717,0.06292100827943851
765,-0.018500936597512996,0.0008855238905236338,-0.013185645516510382,0.005315291081002614,0.15806187731762497,-0.07290851324796677,-0.14581702649593353,0.0629852841736658
766,-0.018472611022010175,0.0007979773169047654,-0.013185645516510382,0.0052869655054997924,0.1581503485955437,-0.07293971627950668,-0.14587943255901337,0.06304320466563723
767,-0.018447085658840352,0.0007190976342030034,-0.013185645516510382,0.00526144014232997,0.15822966625340215,-0.07296782732009888,-0.14593565464019775,0.06309539916377899
768,-0.01842408334592657,0.0006480231803184895,-0.013185645516510382,0.005238437829416187,0.15830077601412915,-0.07299312949180603,-0.14598625898361206,0.06314243446204472
769,-0.01840335446515407,0.0005839788513651294,-0.013185645516510382,0.005217708948643686,0.1583645253656153,-0.073015958070755,-0.14603191614151,0.06318482100789612
770,-0.018384674177805434,0.0005262671204209755,-0.013185645516510382,0.005199028661295051,0.15842172680961475,-0.07303652167320251,-0.14607304334640503,0.06322301857571673
771,-0.01836783994517025,0.0004742602891787747,-0.013185645516510382,0.005182194428659869,0.15847307245392092,-0.07305506616830826,-0.14611013233661652,0.06325744132783576
772,-0.018352669298241173,0.0004273932948086229,-0.013185645516510382,0.005167023781730791,0.1585191987681493,-0.07307177037000656,-0.14614354074001312,0.06328846238570632
773,-0.01833899783649023,0.00038515738016738066,-0.013185645516510382,0.005153352319979848,0.1585606537517794,-0.07308681309223175,-0.1461736261844635,0.06331641791976211
774,-0.018326677427791392,0.0003470944728418354,-0.013185645516510382,0.00514103191128101,0.15859792566711545,-0.07310037314891815,-0.1462007462978363,0.06334161082947395
775,-0.018315574587999112,0.0003127921095334768,-0.013185645516510382,0.00512992907148873,0.1586314607681691,-0.0731126144528389,-0.1462252289056778,0.06336431405831738
776,-0.018305569025295693,0.0002818786378801448,-0.013185645516510382,0.005119923508785311,0.1586616642366681,-0.07312362641096115,-0.1462472528219223,0.06338477358021803
777,-0.018296552334798585,0.00025401925835564636,-0.013185645516510382,0.005110906818288203,0.15868886121435624,-0.07313355058431625,-0.1462671011686325,0.06340321105798216
778,-0.018288426820257702,0.00022891231099844217,-0.013185645516510382,0.00510278130374732,0.1587133623515261,-0.07314249128103256,-0.14628498256206512,0.06341982625847556
779,-0.01828110443396234,0.00020628602215610898,-0.013185645516510382,0.005095458917451959,0.15873544078857954,-0.07315056025981903,-0.14630112051963806,0.06343479921726289
780,-0.018274505821441366,0.00018589547892216115,-0.013185645516510382,0.005088860304930984,0.15875535011673642,-0.07315783947706223,-0.14631567895412445,0.06344829219569215
781,-0.01826855946400664,0.0001675198286111449,-0.013185645516510382,0.0050829139474962565,0.1587733096468914,-0.07316437363624573,-0.14632874727249146,0.0634604514379909
782,-0.018263200906762218,0.0001509601632778887,-0.013185645516510382,0.005077555390251835,0.15878949161731223,-0.07317028939723969,-0.14634057879447937,0.0634714087355561
783,-0.018258372059775624,0.00013603698300977996,-0.013185645516510382,0.0050727265432652414,0.1588040956951128,-0.0731755718588829,-0.1463511437177658,0.06348128287828486
784,-0.018254020572928378,0.0001225887864348504,-0.013185645516510382,0.005068375056417995,0.1588172390060913,-0.07318038493394852,-0.14636076986789703,0.06349018090166876
785,-0.018250099263720107,0.00011046981839052506,-0.013185645516510382,0.005064453747209725,0.1588291124969338,-0.07318469136953354,-0.14636938273906708,0.06349819929084854
786,-0.018246565611663164,9.954882424330119e-05,-0.013185645516510382,0.0050609200951527815,0.15883981036436623,-0.07318859547376633,-0.14637719094753265,0.06350542498751846
787,-0.01824338129610887,8.970737514643917e-05,-0.013185645516510382,0.005057735779598487,0.1588494673948872,-0.07319208979606628,-0.14638417959213257,0.06351193635457925
788,-0.018240511784225883,8.083883141299513e-05,-0.013185645516510382,0.005054866267715501,0.1588581642908814,-0.07319525629281998,-0.14639051258563995,0.06351780400186058
789,-0.018237925954771177,7.284703095196766e-05,-0.013185645516510382,0.005052280438260795,0.15886601127408778,-0.073198102414608,-0.146396204829216,0.06352309156836475
790,-0.018235595762808532,6.564530551022549e-05,-0.013185645516510382,0.0050499502462981495,0.15887308369494593,-0.07320066541433334,-0.1464013308286667,0.06352785640107009
791,-0.01823349593634144,5.915549838012744e-05,-0.013185645516510382,0.005047850419831058,0.15887945676237764,-0.0732029601931572,-0.1464059203863144,0.06353215017886521
792,-0.0182316037019246,5.330733485329275e-05,-0.013185645516510382,0.005045958185414218,0.158885189839549,-0.07320506125688553,-0.14641012251377106,0.06353601946382498
793,-0.018229898535418714,4.803731311876272e-05,-0.013185645516510382,0.005044253018908332,0.15889037332067107,-0.07320692390203476,-0.14641384780406952,0.06353950623001253
794,-0.01822836194237564,4.328840506602773e-05,-0.013185645516510382,0.005042716425865259,0.1588950332144232,-0.07320864498615265,-0.1464172899723053,0.06354264828803849
795,-0.018226977254615192,3.900897050990727e-05,-0.013185645516510382,0.0050413317381048095,0.15889925505094754,-0.07321015000343323,-0.14642030000686646,0.06354547973000457
796,-0.01822572945467699,3.51526487111141e-05,-0.013185645516510382,0.005040083938166608,0.15890304077564085,-0.07321153581142426,-0.1464230716228485,0.06354803125814867
797,-0.018224605009269736,3.167750104759324e-05,-0.013185645516510382,0.005038959492759353,0.15890646155966584,-0.07321275025606155,-0.1464255005121231,0.06355033055181541
798,-0.01822359172461539,2.8545967073752118e-05,-0.013185645516510382,0.005037946208105007,0.1589095258917494,-0.07321389019489288,-0.14642778038978577,0.06355240253706988
799,-0.018222678610206874,2.5723965418159516e-05,-0.013185645516510382,0.005037033093696491,0.15891230793966094,-0.07321487367153168,-0.14642974734306335,0.06355426969572386
800,-0.0192361655442001,-0.09537006603606663,-0.2617993877991494,0.2425632222549493,25.994297808715444,-0.07321581244468689,-0.14643162488937378,0.057772652543789695
801,-0.024044918803284448,-0.2246440681038557,-0.2617993877991494,0.23775446899586497,8.483831903545093,-0.16702012717723846,-0.33404025435447693,0.04548671224732266
802,-0.03326320313486147,-0.35449658261331596,-0.2617993877991494,0.22853618466428793,-0.9727516420233491,-0.1776047796010971,-0.3552095592021942,0.024967048931188313
803,-0.04662944579772847,-0.4671433140886288,-0.2617993877991494,0.21516994200142092,-5.634045740809211,-0.15919414162635803,-0.31838828325271606,-0.00324981463702137
804,-0.06343707435762587,-0.5546670520607456,-0.2617993877991494,0.19836231344152355,-7.451129884450701,-0.08327249437570572,-0.16654498875141144,-0.13779987275839164
805,-0.08280543304434618,-0.615044837775477,-0.2617993877991494,0.17899395475480323,-7.652596170623301,0.009514753706753254,0.019029507413506508,-0.17699474929074588
806,-0.10383657443191184,-0.6494481138325185,-0.2617993877991494,0.15796281336723755,-6.977640019503485,0.0430573970079422,0.0861147940158844,-0.21911441316788394
807,-0.12570035957841943,-0.6609309715067967,-0.2617993877991494,0.13609902822072997,-5.83777144295705,0.04817330092191696,0.09634660184383392,-0.2625834825856711
808,-0.14768373526889858,-0.6535040564120449,-0.2617993877991494,0.11411565253025083,-4.512185771981971,0.05214833840727806,0.10429667681455612,-0.3060592976679203
809,-0.1692127116984012,-0.6314404054390927,-0.2617993877991494,0.0925866761007482,-3.1881776406444415,0.06279108673334122,0.12558217346668243,-0.34846846723925445
810,-0.18985396052447628,-0.5987804190040946,-0.2617993877991494,0.07194542727467312,-1.9771003224593864,0.07007196545600891,0.14014393091201782,-0.3890056931730822
811,-0.20930334626445501,-0.559108704911591,-0.2617993877991494,0.05249604153469439,-0.9280710701879548,0.07656349986791611,0.15312699973583221,-0.42711274203451083
812,-0.22736897909699197,-0.5154461387386943,-0.2617993877991494,0.03443040870215744,-0.05947173952849838,0.08371112495660782,0.16742224991321564,-0.4624446322983817
813,-0.2439517724708877,-0.4702157765836159,-0.2617993877991494,0.017847615328261707,0.6303812336865263,0.09039676934480667,0.18079353868961334,-0.49483154039706045
814,-0.2590257290928233,-0.42527126762000644,-0.2617993877991494,0.002773658706326121,1.1566664430681604,0.0965534970164299,0.1931069940328598,-0.5242410649447113
815,-0.2726196924339316,-0.3819582091861038,-0.2617993877991494,0.010820304634782174,1.540847883606853,0.10256536304950714,0.20513072609901428,-0.5723839412556244
816,-0.2848013511798926,-0.341186678341398,-0.2617993877991494,0.023001963380743173,1.8063800719129648,0.1080048531293869,0.2160097062587738,-0.5988436950228161
817,-0.29566373319219763,-0.30350770793405274,-0.2617993877991494,0.03386434539304822,1.9768242493750139,0.11200886219739914,0.22401772439479828,-0.6173652337934029
818,-0.30531423438778604,-0.2691874806428585,-0.2617993877991494,0.043514846588636635,2.0744206337093174,0.11341162770986557,0.22682325541973114,-0.6337383440033034
819,-0.313866157141113,-0.2382855706086585,-0.2617993877991494,0.05206676934196358,2.1192233005839696,0.11363475769758224,0.2272695153951645,-0.6481985155659858
820,-0.3214326839779978,-0.21071597010526774,-0.2617993877991494,0.05963329617884838,2.126775520551567,0.11339560151100159,0.22679120302200317,-0.6609676932981439
821,-0.32812271169079005,-0.18629611306254779,-0.2617993877991494,0.06632332389164064,2.109243038915303,0.11324568092823029,0.22649136185646057,-0.6722502567474997
822,-0.33403816213569576,-0.16478418987417565,-0.2617993877991494,0.07223877433654635,2.075912921501213,0.11334773898124695,0.2266954779624939,-0.682230984210006
823,-0.33927239940073717,-0.1459065265655895,-0.2617993877991494,0.07747301160158776,2.0338375603319587,0.11342980712652206,0.22685961425304413,-0.6910743623947951
824,-0.34390945955998464,-0.12937809144943585,-0.2617993877991494,0.08211007176083523,1.9884169822804685,0.11310096085071564,0.22620192170143127,-0.6989248838516886
825,-0.3480239104599103,-0.11491972400935094,-0.2617993877991494,0.08622452266076092,1.9436720197287856,0.11257048696279526,0.22514097392559052,-0.7059082580202138
826,-0.3516812090087511,-0.10226898030130634,-0.2617993877991494,0.0898818212096017,1.9020445254701321,0.11198072135448456,0.22396144270896912,-0.7121331655814083
827,-0.3549383502037995,-0.091186023485602,-0.2617993877991494,0.09313896240465008,1.8648565823910266,0.11134036630392075,0.2226807326078415,-0.7176931427769274
828,-0.35784467176151485,-0.08145694269425799,-0.2617993877991494,0.09604528396236545,1.8327113573813019,0.11077697575092316,0.2215539515018463,-0.7226685122154579
829,-0.360442730551588,-0.07289407668717034,-0.2617993877991494,0.09864334275243858,1.8056200374876805,0.11028022319078445,0.2205604463815689,-0.7271282237276077
830,-0.3627691675324668,-0.06533499635952378,-0.2617993877991494,0.10096977973331739,1.7833019355648312,0.10984120517969131,0.21968241035938263,-0.7311315218637886
831,-0.36485552585706765,-0.05864061448093275,-0.2617993877991494,0.10305613805791825,1.765296457248747,0.10945211350917816,0.21890422701835632,-0.7347294407627828
832,-0.3667289984577394,-0.05269280787933733,-0.2617993877991494,0.10492961065858997,1.7510508594228145,0.10910635441541672,0.21821270883083344,-0.7379661099101174
833,-0.3684130929454698,-0.04739183909744164,-0.2617993877991494,0.1066137051463204,1.7399847742723749,0.10879824310541153,0.21759648621082306,-0.7408798723335421
834,-0.36992821009479904,-0.04265378300581496,-0.2617993877991494,0.10812882229564963,1.7315349565510536,0.10852298885583878,0.21704597771167755,-0.7435042264892181
835,-0.371292138075693,-0.038408094267436604,-0.2617993877991494,0.1094927502765436,1.7251836606693869,0.10827650874853134,0.21655301749706268,-0.7458686088456519
836,-0.37252046836696956,-0.03459539802249965,-0.2617993877991494,0.11072108056782015,1.720474461793595,0.10805533826351166,0.21611067652702332,-0.7479990369263406
837,-0.3736269414529257,-0.031165545307203838,-0.2617993877991494,0.11182755365377628,1.7170187310028953,0.10785657912492752,0.21571315824985504,-0.7499186332571677
838,-0.3746237313586484,-0.02807594461756592,-0.2617993877991494,0.112824343559499,1.7144955585904782,0.10767772048711777,0.21535544097423553,-0.7516480498538978
839,-0.37552167817287047,-0.025290161644120505,-0.2617993877991494,0.11372229037372106,1.712647502766972,0.10751659423112869,0.21503318846225739,-0.753205811242169
840,-0.37633047725330215,-0.02277676640155972,-0.2617993877991494,0.11453108945415275,1.7112738076229326,0.10737134516239166,0.21474269032478333,-0.754608591907114
841,-0.37705883300535104,-0.02050839970775625,-0.2617993877991494,0.11525944520620163,1.7102224141194002,0.10724036395549774,0.21448072791099548,-0.7558714417481388
842,-0.3777145841407755,-0.01846102812732698,-0.2617993877991494,0.11591519634162611,1.7093817350387313,0.10712222009897232,0.21424444019794464,-0.7570079708233419
843,-0.3783048062889345,-0.016613356779413356,-0.2617993877991494,0.11650541848978507,1.7086728100251434,0.10701566189527512,0.21403132379055023,-0.7580305025649986
844,-0.37883589683081154,-0.014946370966036581,-0.2617993877991494,0.11703650903166213,1.708042169414465,0.10691956430673599,0.21383912861347198,-0.7589502027518019
845,-0.3793136458975104,-0.01344298089158695,-0.2617993877991494,0.11751425809836097,1.7074556558113836,0.10683295130729675,0.2136659026145935,-0.7597771899062989
846,-0.3797432966562833,-0.012087746561097934,-0.2617993877991494,0.1179439088571339,1.7068932122874143,0.10675486922264099,0.21350973844528198,-0.7605206313993945
847,-0.3801295973038271,-0.010866664899152582,-0.2617993877991494,0.11833020950467771,1.706344733959994,0.10668454319238663,0.21336908638477325,-0.7611888285001556
848,-0.38047684662030645,-0.0097670029126574,-0.2617993877991494,0.11867745882115704,1.705806677207652,0.10662121325731277,0.21324242651462555,-0.7617892927027251
849,-0.38078893445109213,-0.00877716521608388,-0.2617993877991494,0.11898954665194272,1.7052796002155264,0.10656420141458511,0.21312840282917023,-0.7623288149937741
850,-0.38106937813016634,-0.007886586520738854,-0.2617993877991494,0.11926999033101693,1.7047662966908874,0.10651292651891708,0.21302585303783417,-0.7628135292654438
851,-0.3813213555716006,-0.007085641522529645,-0.2617993877991494,0.11952196777245117,1.7042704710670098,0.10646679252386093,0.21293358504772186,-0.7632489706607619
852,-0.3815477355405899,-0.006365567661461629,-0.2617993877991494,0.1197483477414405,1.703795931593741,0.10642530769109726,0.21285061538219452,-0.7636401294332422
853,-0.38175110547798674,-0.005718396714793672,-0.2617993877991494,0.11995171767883733,1.7033460065729151,0.10638803243637085,0.2127760648727417,-0.76399150072911
854,-0.3819337971332174,-0.005136892516926381,-0.2617993877991494,0.12013440933406799,1.702923262111397,0.10635451972484589,0.21270903944969177,-0.7643071305475118
855,-0.3820979101907595,-0.004614493696588163,-0.2617993877991494,0.1202985223916101,1.7025294311945558,0.10632441937923431,0.21264883875846863,-0.7645906581238906
856,-0.38224533403807753,-0.004145259889863058,-0.2617993877991494,0.12044594623892813,1.7021653690290377,0.10629738122224808,0.21259476244449615,-0.7648453549179662
857,-0.3823777677835199,-0.0037238211201959777,-0.2617993877991494,0.12057837998437049,1.7018311672356956,0.1062730923295021,0.2125461846590042,-0.765074160368492
858,-0.38249673872036316,-0.003345338945074679,-0.2617993877991494,0.12069735092121375,1.7015262651496015,0.10625369101762772,0.21250738203525543,-0.7652797153248233
859,-0.3826036193122114,-0.0030054473875482705,-0.2617993877991494,0.12080423151306197,1.7012479422873708,0.10623668879270554,0.21247337758541107,-0.7654643915856483
860,-0.38269964233916803,-0.0027002111257380876,-0.2617993877991494,0.12090025454001863,1.7009953555914792,0.10622143745422363,0.21244287490844727,-0.7656303182615797
861,-0.38278591474128226,-0.0024260879815358924,-0.2617993877991494,0.12098652694213285,1.7007674449790011,0.10620773583650589,0.21241547167301178,-0.7657794062837555
862,-0.38286343024367914,-0.002179893285629225,-0.2617993877991494,0.12106404244452973,1.7005627170869881,0.10619542002677917,0.21239084005355835,-0.7659133706540366
863,-0.38293308082195376,-0.0019587664067449847,-0.2617993877991494,0.12113369302280436,1.7003794317620495,0.10618435591459274,0.21236871182918549,-0.7660337505425194
864,-0.3829956670820223,-0.0017601395744249587,-0.2617993877991494,0.12119627928287291,1.700215736386237,0.10617443174123764,0.21234886348247528,-0.7661419274028345
865,-0.38305190763032315,-0.0015817089079608495,-0.2617993877991494,0.12125251983117374,1.700069762887465,0.10616551339626312,0.21233102679252625,-0.7662391412543452
866,-0.3831024475111544,-0.0014214079773243145,-0.2617993877991494,0.121303059712005,1.699939722316228,0.10615750402212143,0.21231500804424286,-0.7663265053020063
867,-0.3831478657928965,-0.0012773835645839683,-0.2617993877991494,0.1213484779937471,1.69982392149867,0.10615029186010361,0.21230058372020721,-0.7664050190457643
868,-0.3831886823786265,-0.0011479739102896807,-0.2617993877991494,0.12138929457947711,1.6997208078458583,0.10614383220672607,0.21228766441345215,-0.7664755800384976
869,-0.38322536411650227,-0.001031688673151751,-0.2617993877991494,0.12142597631735286,1.6996289360785113,0.10613801330327988,0.21227602660655975,-0.7665389944045379
870,-0.3832583302709325,-0.0009271911631475457,-0.2617993877991494,0.12145894247178307,1.6995470362922436,0.10613278299570084,0.21226556599140167,-0.7665959862544526
871,-0.3832879574263,-0.0008332823322891916,-0.2617993877991494,0.1214885696271506,1.699473960313189,0.10612809658050537,0.21225619316101074,-0.766647206124582
872,-0.3833145838774055,-0.0007488862344227106,-0.2617993877991494,0.12151519607825612,1.6994086806884054,0.10612387210130692,0.21224774420261383,-0.7666932385176377
873,-0.383338513558276,-0.0006730372801367434,-0.2617993877991494,0.12153912575912657,1.6993503143968327,0.10612008720636368,0.21224017441272736,-0.7667346086614292
874,-0.38336001956236704,-0.0006048685652282259,-0.2617993877991494,0.12156063176321763,1.6992980640589348,0.10611666738986969,0.21223333477973938,-0.7667717885570865
875,-0.38337934729369316,-0.0005436018051230292,-0.2617993877991494,0.12157995949454375,1.6992512551464587,0.10611362010240555,0.2122272402048111,-0.7668052024089685
876,-0.38339671729305613,-0.0004885378634999438,-0.2617993877991494,0.12159732949390673,1.6992092605158948,0.10611085593700409,0.21222171187400818,-0.7668352314786502
877,-0.38341232776576684,-0.0004390487467255612,-0.2617993877991494,0.12161293996661743,1.6991715750426872,0.10610837489366531,0.21221674978733063,-0.7668622184415806
878,-0.3834263568541243,-0.00039457032217499606,-0.2617993877991494,0.12162696905497489,1.6991377267205288,0.10610616952180862,0.21221233904361725,-0.7668864713127148
879,-0.38343896467430644,-0.0003545955225370302,-0.2617993877991494,0.12163957687515703,1.699107289023628,0.10610416531562805,0.2122083306312561,-0.766908266944922
880,-0.3834502951400688,-0.0003186686813637534,-0.2617993877991494,0.12165090734091938,1.6990799257010385,0.1061023697257042,0.2122047394514084,-0.766927854179968
881,-0.3834604776047979,-0.0002863802586226676,-0.2617993877991494,0.12166108980564849,1.6990553117479137,0.10610076040029526,0.21220152080059052,-0.766945456687256
882,-0.38346962833446113,-0.00025736209701700415,-0.2617993877991494,0.12167024053531172,1.6990331627813018,0.10609930753707886,0.21219861507415771,-0.7669612755034364
883,-0.3834778518295856,-0.00023128321767359946,-0.2617993877991494,0.1216784640304362,1.6990132347442395,0.1060979887843132,0.2121959775686264,-0.7669754913151793
884,-0.3834852420146014,-0.00020784618581781215,-0.2617993877991494,0.12168585421545197,1.6989953119188221,0.10609681904315948,0.21219363808631897,-0.7669882665235095
885,-0.38349188330929807,-0.00018678363878512456,-0.2617993877991494,0.12169249551014866,1.6989791785993904,0.10609577596187592,0.21219155192375183,-0.766999747095232
886,-0.38349785158881644,-0.00016785517367649692,-0.2617993877991494,0.12169846378966703,1.6989646529969815,0.1060948297381401,0.2121896594762802,-0.7670100642158351
887,-0.38350321504574936,-0.0001508446956389611,-0.2617993877991494,0.12170382724659995,1.6989515851322232,0.10609398037195206,0.2121879607439041,-0.7670193357832136
888,-0.3835080349672533,-0.00013555796974231042,-0.2617993877991494,0.12170864716810387,1.698939829253694,0.10609322041273117,0.21218644082546234,-0.7670276677544976
889,-0.38351236643280195,-0.00012182033203718445,-0.2617993877991494,0.12171297863365255,1.6989292529846478,0.10609252005815506,0.21218504011631012,-0.7670351553477545
890,-0.3835162589410094,-0.00010947486539127347,-0.2617993877991494,0.12171687114185997,1.6989197520708075,0.10609190165996552,0.21218380331993103,-0.7670418841334957
891,-0.3835197569762441,-9.838051465521074e-05,-0.2617993877991494,0.12172036917709467,1.6989112073744974,0.10609134286642075,0.2121826857328415,-0.7670479310134556
892,-0.38352290051592053,-8.841054559646977e-05,-0.2617993877991494,0.12172351271677112,1.6989035262346412,0.10609085112810135,0.2121817022562027,-0.7670533650987973
893,-0.38352572548744474,-7.945101435068032e-05,-0.2617993877991494,0.12172633768829533,1.6988966147241609,0.10609040409326553,0.21218080818653107,-0.7670582484971311
894,-0.3835282641771255,-7.1399514136102e-05,-0.2617993877991494,0.12172887637797608,1.698890402147395,0.1060900017619133,0.2121800035238266,-0.7670626370196385
895,-0.3835305455991678,-6.416402731199395e-05,-0.2617993877991494,0.12173115780001842,1.698884818931297,0.10608964413404465,0.2121792882680893,-0.7670665808217435
896,-0.38353259582663124,-5.766177195079271e-05,-0.2617993877991494,0.12173320802748183,1.6988797990291156,0.10608930140733719,0.21217860281467438,-0.7670701249693234
897,-0.3835344382889432,-5.181852024045439e-05,-0.2617993877991494,0.12173505048979377,1.698875301296484,0.1060890257358551,0.2121780514717102,-0.7670733099662104
898,-0.38353609404317807,-4.6567468022468894e-05,-0.2617993877991494,0.12173670624402866,1.6988712451908197,0.10608876496553421,0.21217752993106842,-0.7670761722139922
899,-0.38353758201142385,-4.1848570285203036e-05,-0.2617993877991494,0.12173819421227444,1.6988676013104487,0.10608852654695511,0.21217705309391022,-0.7670787444196077
900,-0.38245802555605396,0.10161768141961723,0.0031344798974075657,0.3855925054534615,-25.83246954484033,0.1060883179306984,0.2121766358613968,-0.7689173787277188
901,-0.3773306804335343,0.2396928425273515,0.0031344798974075657,0.38046516033094185,-7.172538341385126,0.12110000103712082,0.24220000207424164,-0.7615186578709165
902,-0.3674911239201796,0.37856122278754917,0.0031344798974075657,0.37062560381758713,2.9623936171176948,0.11495310813188553,0.22990621626377106,-0.744070752466382
903,-0.3532148720238072,0.49905388220176133,0.0031344798974075657,0.35634935192121475,7.972789307507504,0.11317188292741776,0.2263437658548355,-0.71710618626133
904,-0.33525967365328363,0.5924651546934344,0.0031344798974075657,0.3383941535506912,9.918949218037742,0.09434477239847183,0.18868954479694366,-0.6821874066707153
905,-0.3145764316621005,0.6565073810523117,0.0031344798974075657,0.31771091155950804,10.094166198377279,0.06664135307073593,0.13328270614147186,-0.6412949903856334
906,-0.2921339333988814,0.6927271711544533,0.0031344798974075657,0.29526841329628895,9.302269202724004,0.01745149865746498,0.03490299731492996,-0.5964617270922663
907,-0.2688179302309854,0.7046470103087301,0.0031344798974075657,0.27195241012839294,8.055475192709007,-0.030126407742500305,-0.06025281548500061,-0.5495522078095113
908,-0.24538265404708826,0.6966095637748747,0.0031344798974075657,0.24851713394449582,6.654417754557504,-0.06232420355081558,-0.12464840710163116,-0.5021605100990231
909,-0.2224337089059235,0.6731129537550885,0.0031344798974075657,0.22556818880333107,5.270234433265591,-0.08228730410337448,-0.16457460820674896,-0.4555741203584367
910,-0.20042896134651306,0.6384102539693789,0.0031344798974075657,0.20356344124392062,4.001336474992803,-0.09551724791526794,-0.1910344958305359,-0.4107736878320846
911,-0.17969031490717594,0.5962724198680214,0.0031344798974075657,0.1828247948045835,2.8995142924883317,-0.10445090383291245,-0.2089018076658249,-0.3684556043684158
912,-0.16042163214046326,0.5498742535904328,0.0031344798974075657,0.16355611203787082,1.9839336661740972,-0.11010294407606125,-0.2202058881521225,-0.3290682941937355
913,-0.1427291543748119,0.5017715827179744,0.0031344798974075657,0.14586363427221946,1.2523641190925585,-0.11424149572849274,-0.22848299145698547,-0.2928544101198712
914,-0.1266419163729967,0.45392726232139935,0.0031344798974075657,0.12977639627040427,0.6905874862649197,-0.11728282272815704,-0.2345656454563141,-0.2598929578602482
915,-0.11213063369059714,0.4077868714503049,0.0031344798974075657,0.1152651135880047,0.27733500878796963,-0.12380433827638626,-0.24760867655277252,-0.23013932827130995
916,-0.0991242425207246,0.36432536569410784,0.0031344798974075657,0.10225872241813216,-0.008534942558033009,-0.1286436915397644,-0.2572873830795288,-0.20345836215628205
917,-0.08752472747576448,0.3241157472761286,0.0031344798974075657,0.09065920737317204,-0.19312345990921193,-0.12647686898708344,-0.25295373797416687,-0.17965572727037527
918,-0.07721952320378436,0.2874052997906248,0.0031344798974075657,0.08035400310119192,-0.30366950572986495,-0.1120268702507019,-0.2240537405014038,-0.15850410712511984
919,-0.06809032784876269,0.2542883653846514,0.0031344798974075657,0.07122480774617025,-0.36620064521516477,-0.10663746297359467,-0.21327492594718933,-0.13976587861173626
920,-0.06001787226397806,0.22469355815553926,0.0031344798974075657,0.06315235216138562,-0.38628207320345714,-0.10033083707094193,-0.20066167414188385,-0.12319796685094846
921,-0.05288683155440597,0.19844404650501382,0.0031344798974075657,0.056021311451813535,-0.3779659656319413,-0.09473812580108643,-0.18947625160217285,-0.10856482472449054
922,-0.046588818603284766,0.17529157008093707,0.0031344798974075657,0.049723298500692334,-0.3511223718352638,-0.08864260464906693,-0.17728520929813385,0.004355797240504819
923,-0.04102427744237483,0.15495360106184053,0.0031344798974075657,0.0441587573397824,-0.31426671668035927,-0.0830458402633667,-0.1660916805267334,0.015768306223068254
924,-0.03610319668117149,0.13714427847509988,0.0031344798974075657,0.03923767657857906,-0.272898852925539,-0.08027949184179306,-0.16055898368358612,0.025857473475105364
925,-0.03174506595453288,0.12158110466926138,0.0031344798974075657,0.03487954585194045,-0.22935162410414714,-0.07926750928163528,-0.15853501856327057,0.03478894358410979
926,-0.02787866894191427,0.10799213218413972,0.0031344798974075657,0.03101314883932184,-0.18609893286422433,-0.07911944389343262,-0.15823888778686523,0.04270945251958309
927,-0.024441637573363876,0.09612303592067128,0.0031344798974075657,0.02757611747077144,-0.14528743171169337,-0.07941482216119766,-0.15882964432239532,0.049747604425789085
928,-0.02137977796914193,0.08574349551379656,0.0031344798974075657,0.024514257866549496,-0.10835256723969781,-0.08034700155258179,-0.16069400310516357,0.05601512889024826
929,-0.018646250141452814,0.07664748636672288,0.0031344798974075657,0.02178073003886038,-0.07577203119982479,-0.08145806938409805,-0.1629161387681961,0.06160865322644735
930,-0.01620074246331687,0.06865467834328537,0.0031344798974075657,0.019335222360724436,-0.047847128580054764,-0.08283203095197678,-0.16566406190395355,0.06661128883433794
931,-0.014008631266871383,0.061608586240902166,0.0031344798974075657,0.017143111164278947,-0.024374020645280253,-0.08421570807695389,-0.16843141615390778,0.07109441935065762
932,-0.012040209786839406,0.055374804302573424,0.0031344798974075657,0.015174689684246971,-0.005086945475109058,-0.08548006415367126,-0.17096012830734253,0.0751192616912245
933,-0.010269971251044032,0.04983966986577767,0.0031344798974075657,0.013404451148451598,0.010385408603791857,-0.08674494177103043,-0.17348988354206085,0.07873831254041844
934,-0.008675941397700943,0.0449083561893043,0.0031344798974075657,0.011810421295108509,0.022617179443279685,-0.08818502724170685,-0.1763700544834137,0.081996729248476
935,-0.0072390996860615085,0.04050074246248384,0.0031344798974075657,0.010373579583469074,0.03229873168743424,-0.08949165046215057,-0.17898330092430115,0.08493360521639223
936,-0.005942920476124867,0.03654950811234059,0.0031344798974075657,0.009077400373532434,0.03981711171262443,-0.09067635238170624,-0.18135270476341248,0.08758286285206988
937,-0.004772981537389611,0.032997316483099046,0.0031344798974075657,0.007907461434797177,0.04556927858407777,-0.09151289612054825,-0.1830257922410965,0.08997411003980109
938,-0.0037166468461378426,0.029796060545477735,0.0031344798974075657,0.006851126743545408,0.04976377421462591,-0.09214439243078232,-0.18428878486156464,0.0921332379717022
939,-0.0027627745660246503,0.02690558912608794,0.0031344798974075657,0.0058972544634322156,0.05272656664328494,-0.09267246723175049,-0.18534493446350098,0.0940830436917595
940,-0.00190147063156724,0.024292260520800055,0.0031344798974075657,0.005035950528974806,0.054796654947943585,-0.09314937144517899,-0.18629874289035797,0.09584374964528293
941,-0.0011238906488071812,0.021927532130370783,0.0031344798974075657,0.004258370546214747,0.05626355293171702,-0.09357941895723343,-0.18715883791446686,0.09743342207862717
942,-0.0004220853478225797,0.019786867377854855,0.0031344798974075657,0.0035565652452301455,0.0573364000301543,-0.09396688640117645,-0.1879337728023529,0.0988682912364467
943,0.00021112102979098748,0.017848892091794282,0.0031344798974075657,0.0029233588676165784,0.05816331236437469,-0.09431562572717667,-0.18863125145435333,0.09931851971344188
944,0.0007822269007968054,0.01609473898270931,0.0031344798974075657,0.00235225299661076,0.058846002307603125,-0.0946258157491684,-0.1892516314983368,0.09820191512027675
945,0.0012971301808837668,0.014507581279639145,0.0031344798974075657,0.001837349716523799,0.05944913364098838,-0.09490349143743515,-0.1898069828748703,0.09719526385433748
946,0.0017611912368518771,0.013072274228419571,0.0031344798974075657,0.0013732886605556886,0.060014771972332,-0.09515301883220673,-0.19030603766441345,0.09628806487084338
947,0.0021792861572585633,0.011775182407098973,0.0031344798974075657,0.0009551937401490024,0.06056746977293388,-0.0954040139913559,-0.1908080279827118,0.09547076348553461
948,0.0025558527298049907,0.010603815620321717,0.0031344798974075657,0.000578627167602575,0.06113690924574648,-0.09563174843788147,-0.19126349687576294,0.09473467033192036
949,0.002894926308662176,0.00954670314011905,0.0031344798974075657,0.00023955358874538967,0.061717490087734646,-0.09583641588687897,-0.19167283177375793,0.09407188580452688
950,0.0032001725184496645,0.008593305638315668,0.0031344798974075657,6.569262104209883e-05,0.062300471147269006,-0.09602037817239761,-0.19204075634479523,0.09334385064888819
951,0.0034749173040323354,0.007733943351902918,0.0031344798974075657,0.00034043740662476974,0.06287732213966947,-0.09618573635816574,-0.19237147271633148,0.09238872343875752
952,0.003722174751744549,0.006959735781451419,0.0031344798974075657,0.0005876948543369833,0.06344021293059653,-0.09633439034223557,-0.19266878068447113,0.09196040625972612
953,0.003944673010157556,0.006262548860983289,0.0031344798974075657,0.0008101931127499906,0.06398241986699116,-0.09646805375814438,-0.19293610751628876,0.09157502827822273
954,0.004144878518082822,0.00563494671571975,0.0031344798974075657,0.001010398620675256,0.06449855943873936,-0.09658826142549515,-0.1931765228509903,0.09122829012012311
955,0.004325018665609346,0.0050701461713878486,0.0031344798974075657,0.0011905387682017805,0.06498465945299674,-0.0966963842511177,-0.1933927685022354,0.0909163152126854
956,0.004487102964864176,0.004561973055767364,0.0031344798974075657,0.0013526230674566105,0.06543811034676957,-0.09679367393255234,-0.19358734786510468,0.09063561111822846
957,0.004632942778022837,0.004104819378361846,0.0031344798974075657,0.0014984628806152716,0.06585755497143954,-0.0968811884522438,-0.1937623769044876,0.09038303366187758
958,0.004764169636257576,0.003693602027411869,0.0031344798974075657,0.00162968973885001,0.06624266141078078,-0.09695997089147568,-0.19391994178295135,0.09015575376787952
959,0.0048822521921889185,0.0033237220663472062,0.0031344798974075657,0.0017477722947813528,0.06659400969907321,-0.097030870616436,-0.194061741232872,0.08995122695637346
960,0.00498851156442812,0.0029910002700435845,0.0031344798974075657,0.0018540316670205541,0.0669128111320929,-0.09708782285451889,-0.19417564570903778,0.08976716748540238
961,0.005084135132834856,0.0026916750292406188,0.0031344798974075657,0.0019496552354272903,0.06719611497188122,-0.09713675826787949,-0.19427351653575897,0.08960152241446152
962,0.005170190131838125,0.0024223722350911153,0.0031344798974075657,0.0020357102344305596,0.06744695031186056,-0.0971807986497879,-0.1943615972995758,0.08945244612556594
963,0.005247636041098003,0.0021800632911791844,0.0031344798974075657,0.002113156143690437,0.06766987676652868,-0.09722043573856354,-0.19444087147712708,0.08931827884398516
964,0.005317335604090827,0.0019620288215364884,0.0031344798974075657,0.0021828557066832614,0.06786849256362552,-0.0972561463713646,-0.1945122927427292,0.0891975277877487
965,0.005380064692635796,0.0017658262309576994,0.0031344798974075657,0.0022455847952282306,0.06804578041132558,-0.09728828817605972,-0.19457657635211945,0.08908885021463556
966,0.005436521139709216,0.0015892609415953797,0.0031344798974075657,0.0023020412423016504,0.06820423010759794,-0.0973171815276146,-0.1946343630552292,0.08899103822642838
967,0.005487332660980527,0.0014303611607951192,0.0031344798974075657,0.0023528527635729617,0.06834596580590917,-0.09734322130680084,-0.19468644261360168,0.08890300509872788
968,0.005533063966202777,0.0012873546600366483,0.0031344798974075657,0.0023985840687952113,0.0684728981095494,-0.09736664593219757,-0.19473329186439514,0.08882377302937036
969,0.005574223131926974,0.0011586483656502971,0.0031344798974075657,0.0024397432345194085,0.06858665715673444,-0.09738773107528687,-0.19477546215057373,0.08875246215213935
970,0.005611267323107656,0.0010428099865088317,0.0031344798974075657,0.00247678742570009,0.0686886921863063,-0.09740671515464783,-0.19481343030929565,0.08868828066327858
971,0.005644607927010618,0.0009385514483135612,0.0031344798974075657,0.002510128029603052,0.068780282617132,-0.09742378443479538,-0.19484756886959076,0.08863051596966012
972,0.0056746151607461855,0.0008447142989117936,0.0031344798974075657,0.00254013526333862,0.06886253931100743,-0.09743915498256683,-0.19487830996513367,0.08857852672982648
973,0.005701622212058269,0.0007602564728104693,0.0031344798974075657,0.0025671423146507036,0.06893646604817373,-0.09745299816131592,-0.19490599632263184,0.08853173570093086
974,0.005725928956600315,0.000684240372646417,0.0031344798974075657,0.0025914490591927497,0.06900294771251118,-0.09746544808149338,-0.19493089616298676,0.088489623323625
975,0.00574780529690558,0.0006158224032631836,0.0031344798974075657,0.002613325399498014,0.0690627524717337,-0.09747666865587234,-0.1949533373117447,0.08845172194572043
976,0.0057674941645987346,0.0005542432775921369,0.0031344798974075657,0.002633014267191169,0.06911658216147201,-0.09748674184083939,-0.19497348368167877,0.08841761063922977
977,0.005785214216391109,0.0004988197176664846,0.0031344798974075657,0.0026507343189835436,0.06916502751799575,-0.09749581664800644,-0.19499163329601288,0.08838691052954209
978,0.005801162263870219,0.00044893678543591855,0.0031344798974075657,0.0026666823664626537,0.06920864694496161,-0.09750399738550186,-0.19500799477100372,0.08835928058550865
979,0.005815515456162747,0.00040404085327276987,0.0031344798974075657,0.002681035558755181,0.0692479367818047,-0.09751133620738983,-0.19502267241477966,0.08833441385271834
980,0.005828433241533528,0.0003636336600462135,0.0031344798974075657,0.002693953344125962,0.06928331107490616,-0.0975179523229599,-0.1950359046459198,0.08831203404855986
981,0.005840059137386268,0.00032726670823048315,0.0031344798974075657,0.0027055792399787023,0.06931517305498262,-0.09752391278743744,-0.19504782557487488,0.0882918924939632
982,0.005850522320780576,0.00029453625773489964,0.0031344798974075657,0.0027160424233730104,0.0693438753889405,-0.09752927720546722,-0.19505855441093445,0.0882737653621578
983,0.005859939058586139,0.0002650787823393369,0.0031344798974075657,0.0027254591611785735,0.06936972909397676,-0.09753408282995224,-0.19506816565990448,0.0882574512059052
984,0.005868413995005258,0.0002385671386242014,0.0031344798974075657,0.0027339340975976924,0.06939299952346385,-0.09753841906785965,-0.1950768381357193,0.08824276871663916
985,0.005876041315156681,0.00021470690927676356,0.0031344798974075657,0.0027415614177491157,0.0694139556856768,-0.09754233807325363,-0.19508467614650726,0.08822955470407139
986,0.00588290578968349,0.0001932329751990983,0.0031344798974075657,0.0027484258922759247,0.06943283756597281,-0.09754584729671478,-0.19509169459342957,0.08821766229734626
987,0.005889083713041366,0.00017390677764084225,0.0031344798974075657,0.0027546038156338005,0.06944983307837357,-0.09754902124404907,-0.19509804248809814,0.08820695931167735
988,0.005894643752093854,0.00015651355444190273,0.0031344798974075657,0.0027601638546862883,0.06946514191354496,-0.0975518748164177,-0.1951037496328354,0.08819732677903772
989,0.005899647706507993,0.00014085995031577541,0.0031344798974075657,0.002765167809100427,0.06947892569210648,-0.09755443036556244,-0.19510886073112488,0.0881886576350541
990,0.005904151194126062,0.0001267719697293004,0.0031344798974075657,0.0027696712967184966,0.06949132589637647,-0.09755673259496689,-0.19511346518993378,0.08818085552564335
991,0.005908204270541586,0.00011409307253377135,0.0031344798974075657,0.00277372437313402,0.06950248463094076,-0.09755881875753403,-0.19511763751506805,0.08817383372887462
992,0.005911851985184388,0.00010268223195573906,0.0031344798974075657,0.0027773720877768224,0.0695125361699059,-0.09756066650152206,-0.19512133300304413,0.08816751420339064
993,0.005915134880206194,9.24127107202417e-05,0.0031344798974075657,0.0027806549827986285,0.06952156691173318,-0.09756236523389816,-0.19512473046779633,0.0881618267090298
994,0.005918089444812762,8.317030375938283e-05,0.0031344798974075657,0.002783609547405196,0.06952970987779653,-0.09756387025117874,-0.19512774050235748,0.08815670803057994
995,0.005920748517136644,7.485228822224785e-05,0.0031344798974075657,0.0027862686197290785,0.06953703067364947,-0.09756523370742798,-0.19513046741485596,0.08815210127899173
996,0.005923141651606748,6.736624467242841e-05,0.0031344798974075657,0.0027886617541991827,0.06954362073027796,-0.09756647050380707,-0.19513294100761414,0.08814795525008279
997,0.005925295446703289,6.0628878197935524e-05,0.0031344798974075657,0.002790815549295723,0.06954955885127379,-0.09756755828857422,-0.19513511657714844,0.088144223867587
998,0.005927233837881314,5.456526033016688e-05,0.0031344798974075657,0.0027927539404737486,0.06955488959383001,-0.09756853431463242,-0.19513706862926483,0.08814086567004284
999,0.005928978367855217,4.9108212759456115e-05,0.0031344798974075657,0.0027944984704476516,0.06955967745345257,-0.09756947308778763,-0.19513894617557526,0.08813784332367769
