step,theta,theta_dot,target_theta,tracking_err,u_lqr,epsilon,action,reward
0,-0.04268829200843349,0.006741684018058878,0.0,0.04268829200843349,-4.440108965366855,-0.5,-30.685117721557617,0.014325182836116584
1,-0.04228521493691093,0.021844107247026314,0.0,0.04228521493691093,-1.4036226315090863,-0.5,-30.648544311523438,0.01474044183534938
2,-0.041330284617537176,0.039332565406585834,0.0,0.041330284617537176,0.3115817395514181,-0.5,-30.26280975341797,0.016327732813970125
3,-0.03979674260762861,0.05579067443634732,0.0,0.03979674260762861,1.221588762527086,-0.5,-29.82649803161621,0.01915052307283399
4,-0.03774716873321423,0.06944475540849877,0.0,0.03774716873321423,1.641841868351012,-0.5,-29.42035675048828,0.023082998637560997
5,-0.03528764870808116,0.0795644268659153,0.0,0.03528764870808116,1.7687114357404794,-0.5,-29.10025405883789,0.027906001265674982
6,-0.03253890706325319,0.08606313101351135,0.0,0.03253890706325319,1.7261895728850671,-0.5,-28.886550903320312,0.033367770967646024
7,-0.029618803839277657,0.08922961015340886,0.0,0.029618803839277657,1.5931047861854546,-0.5,-28.77593994140625,0.03922101503774978
8,-0.02663247604382079,0.08954791426638359,0.0,0.02663247604382079,1.4193728719671572,-0.5,-28.758045196533203,0.045243979994496114
9,-0.02366758169552353,0.0875787215978108,0.0,0.02366758169552353,1.2359971571570387,-0.5,-28.8194580078125,0.05125079487735966
10,-0.020792873073053362,0.08388371615743298,0.0,0.020792873073053362,1.0614327175540934,-0.5,-28.94183349609375,0.0570947766684918
11,-0.018058850296677715,0.07898027930211157,0.0,0.018058850296677715,0.9057740358715839,-0.5,-29.107757568359375,0.06266730821791464
12,-0.015499617544522046,0.07331732775317852,0.0,0.015499617544522046,0.7735908517364921,-0.5,-29.301193237304688,0.06789413127545266
13,-0.01313533368201139,0.06726558204603297,0.0,0.01313533368201139,0.6658883121751885,-0.5,-29.507631301879883,0.07273033739618623
14,-0.010974847315187067,0.06111731671795437,0.0,0.010974847315187067,0.5814754139297924,-0.5,-29.72776222229004,0.07715492590055248
15,-0.009018252277721198,0.05509196562954981,0.0,0.009018252277721198,0.5179188356976692,-0.5,-29.94477081298828,0.08116549220054599
16,-0.007259206058838072,0.04934496652347869,0.0,0.007259206058838072,0.47219855727928617,-0.5,-30.153703689575195,0.08477338577503304
17,-0.005686929828521559,0.04397800737949879,0.0,0.005686929828521559,0.4411459407705891,-0.5,-30.35049057006836,0.08799951620429847
18,-0.004287861491087182,0.03904943421588634,0.0,0.004287861491087182,0.42172278177597833,-0.5,-30.542701721191406,0.09087087364446571
19,-0.003046968114432955,0.03458403186292773,0.0,0.003046968114432955,0.41118513894083136,-0.5,-30.71868324279785,0.09341775555464193
20,-0.0019487455800462192,0.030581723957830948,0.0,0.0019487455800462192,0.40716531108425896,-0.5,-30.877384185791016,0.09567164517640275
21,-0.0009779449589338717,0.02702497909994258,0.0,0.0009779449589338717,0.4076974784893052,-0.5,-31.01923370361328,0.09766366174824748
22,-0.0001200698032444734,0.023884876346795557,0.0,0.0001200698032444734,0.41120638391647096,-0.5,-31.145153045654297,0.09942349173186069
23,0.0006383114971222662,0.021125891702700295,0.0,0.0006383114971222662,0.4164735320753114,-0.5,-31.256343841552734,0.09714884072674267
24,0.0013093971787223205,0.01870953202407803,0.0,0.0013093971787223205,0.42259146664628033,-0.5,-31.354167938232422,0.09577464335975142
25,0.0019040910109345646,0.016596975511073822,0.0,0.0019040910109345646,0.4289135698797078,-0.5,-31.440032958984375,0.09476727537036495
26,0.0024320177666629994,0.014750888145107532,0.0,0.0024320177666629994,0.43500439378306477,-0.5,-31.51532554626465,0.0938704933036902
27,0.0029015899992096946,0.013136580563176679,0.0,0.0029015899992096946,0.4405936672591248,-0.5,-31.581348419189453,0.09307041874087509
28,0.0033201061852813165,0.011722655698858138,0.0,0.0033201061852813165,0.4455357351663522,-0.5,-31.639305114746094,0.09235513865842285
29,0.003693865062191417,0.010481278361582606,0.0,0.003693865062191417,0.4497751868012039,-0.5,-31.69198989868164,0.09171444708062794
30,0.004028285083093048,0.009388176845556968,0.0,0.004028285083093048,0.45331874499298996,-0.5,-31.739320755004883,0.09113960097063444
31,0.004328021304020519,0.008422465753108736,0.0,0.004328021304020519,0.4562130442089653,-0.5,-31.781164169311523,0.09062309788337605
32,0.004597074726197098,0.007566359814725885,0.0,0.004597074726197098,0.4585276676734009,-0.5,-31.818256378173828,0.09015847913469294
33,0.004838891208182303,0.00680483134262726,0.0,0.004838891208182303,0.46034268994151967,-0.5,-31.85124397277832,0.08974015953451883
34,0.005056448615770731,0.006125249399459035,0.0,0.005056448615770731,0.4617399422121759,-0.5,-31.880661010742188,0.08936328289089716
35,0.0052523319807743695,0.0055170268405922,0.0,0.0052523319807743695,0.4627972508828508,-0.5,-31.906970977783203,0.08902360133141801
36,0.005428797179181211,0.004971291949823617,0.0,0.005428797179181211,0.4635849708456964,-0.5,-31.9305477142334,0.08871737584573956
37,0.005587824094323951,0.004480594174483414,0.0,0.005587824094323951,0.4641642255446264,-0.5,-31.95172691345215,0.0884412951874852
38,0.005731160471719991,0.004038648162783563,0.0,0.005731160471719991,0.4645863628732233,-0.5,-31.970783233642578,0.0881924102710248
39,0.005860357758493671,0.003640116585153746,0.0,0.005860357758493671,0.4648932308288489,-0.5,-31.987945556640625,0.0879680813669813
40,0.0059768002002448094,0.0032804297662943076,0.0,0.0059768002002448094,0.4651179639734346,-0.5,-32.003421783447266,0.08776593566944453
41,0.0060817283801760345,0.002955638678691098,0.0,0.0060817283801760345,0.46528604817902725,-0.5,-32.01738739013672,0.08758383312578216
42,0.006176258258438827,0.0026622971019427777,0.0,0.006176258258438827,0.4654164956327249,-0.5,-32.02998733520508,0.08741983874976242
43,0.006261396625428904,0.0023973685266701944,0.0,0.006261396625428904,0.4655230146434956,-0.5,-32.04136276245117,0.08727219995581861
44,0.006338053736156011,0.002158153508176852,0.0,0.006338053736156011,0.4656151002219871,-0.5,-32.05162811279297,0.08713932774155203
45,0.006407053753704675,0.001942233521420003,0.0,0.006407053753704675,0.4656990029367976,-0.5,-32.060890197753906,0.08701978079897099
46,0.006469143504108924,0.0017474278356608415,0.0,0.006469143504108924,0.4657785566391343,-0.5,-32.069244384765625,0.08691225184959486
47,0.006524999935664122,0.0015717604422463302,0.0,0.006524999935664122,0.46585586178326865,-0.5,-32.07677459716797,0.08681555567500425
48,0.006575236583679014,0.0014134345826028736,0.0,0.006575236583679014,0.4659318316701175,-0.5,-32.08356475830078,0.08672861845549694
49,0.0066204092664082954,0.0012708129036674203,0.0,0.0066204092664082954,0.46600661528207576,-0.5,-32.08967971801758,0.08665046813927076
50,0.006661021178001775,0.0011424016961291159,0.0,0.006661021178001775,0.4660799135607072,-0.5,-32.095184326171875,0.08658022564759651
51,0.006697527497886493,0.0010268380384095492,0.0,0.006697527497886493,0.4661512069216396,-0.5,-32.10014343261719,0.08651709678242182
52,0.0067303396010032525,0.0009228789746342314,0.0,0.0067303396010032525,0.46621991124027484,-0.5,-32.1046028137207,0.08646036474614503
53,0.006759828927702002,0.0008293921008961866,0.0,0.006759828927702002,0.4662854780508813,-0.5,-32.108612060546875,0.08640938321285244
54,0.006786330553954703,0.0007453471266054503,0.0,0.006786330553954703,0.466347452710224,-0.5,-32.11221694946289,0.08636356990950762
55,0.006810146490176226,0.0006698081237872961,0.0,0.006810146490176226,0.46640550209459314,-0.5,-32.115455627441406,0.08632240067723666
56,0.006831548728905885,0.000601926284412962,0.0,0.006831548728905885,0.4664594212375087,-0.5,-32.118370056152344,0.08628540398923792
57,0.006850782056698645,0.0005409330815884603,0.0,0.006850782056698645,0.4665091263092412,-0.5,-32.12098693847656,0.08625215590473054
58,0.006868066642848255,0.0004861337814461373,0.0,0.006868066642848255,0.4665546395649955,-0.5,-32.12334060668945,0.08622227543908158
59,0.006883600416271869,0.00043690128480271674,0.0,0.006883600416271869,0.466596070380035,-0.5,-32.12545394897461,0.08619542032979252
60,0.0068975612414695926,0.0003926702960679288,0.0,0.0068975612414695926,0.4666335952514562,-0.5,-32.12735366821289,0.0861712831770597
61,0.0069101089045299005,0.00035293182559325106,0.0,0.0069101089045299005,0.46666743866274274,-0.5,-32.129058837890625,0.08614958793660024
62,0.006921386920404493,0.00031722803386950623,0.0,0.006921386920404493,0.4666978559521798,-0.5,-32.130592346191406,0.08613008674162295
63,0.006931524172942669,0.000285147424184881,0.0,0.006931524172942669,0.4667251187676624,-0.5,-32.13196563720703,0.08611255703036724
64,0.006940636399347888,0.0002563203863638556,0.0,0.006940636399347888,0.46674950329481474,-0.5,-32.13320541381836,0.08609679895558081
65,0.006948827530743266,0.00023041508931164264,0.0,0.006948827530743266,0.4667712811804029,-0.5,-32.13431930541992,0.08608263305265251
66,0.0069561909003909225,0.0002071337151520139,0.0,0.0069561909003909225,0.46679071290937035,-0.5,-32.135318756103516,0.0860698981438129
67,0.006962810330808885,0.0001862090233049372,0.0,0.006962810330808885,0.4668080433059543,-0.5,-32.13621520996094,0.08605844945679902
68,0.006968761110589785,0.00016740122919647413,0.0,0.006968761110589785,0.466823498795823,-0.5,-32.13702392578125,0.08604815693757971
69,0.006974110871176142,0.00015049517954500842,0.0,0.006974110871176142,0.46683728606969943,-0.5,-32.13774871826172,0.08603890373808412
70,0.006978920373218067,0.00013529780432532272,0.0,0.006978920373218067,0.4668495918159196,-0.5,-32.13840103149414,0.08603058486130569
71,0.006983244211460153,0.00012163582450130674,0.0,0.006983244211460153,0.46686058322956725,-0.5,-32.13899230957031,0.08602310594761255
72,0.006987131446401465,0.000109353694323821,0.0,0.006987131446401465,0.4668704090517611,-0.5,-32.1395149230957,0.08601638218753957
73,0.0069906261702680165,9.831175727941692e-05,0.0,0.0069906261702680165,0.4668792009391858,-0.5,-32.139991760253906,0.08601033734773345
74,0.006993768014148592,8.838459551374532e-05,0.0,0.006993768014148592,0.46688707500771337,-0.5,-32.140419006347656,0.08600490289804656
75,0.006996592602485506,7.945955361516028e-05,0.0,0.006996592602485506,0.4668941334329725,-0.5,-32.14080047607422,0.08600001722901132
76,0.006999131960491173,7.143541891877269e-05,0.0,0.006999131960491173,0.4669004660240707,-0.5,-32.141143798828125,0.08599562495006606
77,0.007001414879484961,6.422124188642463e-05,0.0,0.007001414879484961,0.4669061517141136,-0.5,-32.141456604003906,0.08599167625994197
78,0.007003467244615733,5.773528155936806e-05,0.0,0.007003467244615733,0.46691125993295673,-0.5,-32.1417350769043,0.0859881263815598
79,0.007005312328954501,5.190406251095314e-05,0.0,0.007005312328954501,0.4669158518442898,-0.5,-32.14198303222656,0.08598493505462669
80,0.007006971057507668,4.666153110486707e-05,0.0,0.007006971057507668,0.4669199814414141,-0.5,-32.142208099365234,0.08598206607987625
81,0.007008462244312393,4.194830016232044e-05,0.0,0.007008462244312393,0.4669236965046243,-0.5,-32.14241027832031,0.08597948690956238
82,0.007009802805428649,3.771097234181557e-05,0.0,0.007009802805428649,0.4669270394286929,-0.5,-32.14259338378906,0.08597716827940936
83,0.00701100795033418,3.390153362906412e-05,0.0,0.00701100795033418,0.46693004793225246,-0.5,-32.14275360107422,0.08597508387774466
84,0.007012091353955256,3.0476809320126284e-05,0.0,0.007012091353955256,0.46693275566242276,-0.5,-32.14290237426758,0.08597321004800242
85,0.007013065311324234,2.7397975760450506e-05,0.0,0.007013065311324234,0.4669351927083581,-0.5,-32.143035888671875,0.08597152552119454
86,0.007013940876640992,2.4630121881878626e-05,0.0,0.007013940876640992,0.46693738603688817,-0.5,-32.14315414428711,0.08597001117530717
87,0.007014727988326128,2.2141855266533265e-05,0.0,0.007014727988326128,0.466939359862391,-0.5,-32.14326095581055,0.08596864981889929
88,0.007015435581486343,1.9904948069481802e-05,0.0,0.007015435581486343,0.4669411359617159,-0.5,-32.14335632324219,0.08596742599646363
89,0.007016071689064103,1.789401866018284e-05,0.0,0.007016071689064103,0.4669427339435591,-0.5,-32.1434440612793,0.08596632581336103
90,0.007016643532811954,1.6086245304763046e-05,0.0,0.007016643532811954,0.4669441714802724,-0.5,-32.143524169921875,0.08596533677836302
91,0.007017157605114844,1.4461108615486989e-05,0.0,0.007017157605114844,0.4669454645087521,-0.5,-32.143592834472656,0.08596444766203665
92,0.007017619742579531,1.3000159847999775e-05,0.0,0.007017619742579531,0.4669466274058618,-0.5,-32.143653869628906,0.08596364836938386
93,0.00701803519221708,1.168681243781146e-05,0.0,0.00701803519221708,0.4669476731428061,-0.5,-32.14371109008789,0.0859629298253064
94,0.007018408670961275,1.0506154441128711e-05,0.0,0.007018408670961275,0.46694861342197763,-0.5,-32.143760681152344,0.0859622838716112
95,0.007018744419191219,9.444779786652697e-06,0.0,0.007018744419191219,0.46694945879908156,-0.5,-32.14380645751953,0.08596170317439829
96,0.007019046248859544,8.49063645887306e-06,0.0,0.007019046248859544,0.4669502187927417,-0.5,-32.14384841918945,0.08596118114078964
97,0.007019317586767621,7.632889923431702e-06,0.0,0.007019317586767621,0.46695090198332956,-0.5,-32.143882751464844,0.08596071184406051
98,0.007019561513475116,6.861800274526008e-06,0.0,0.007019561513475116,0.4669515161023944,-0.5,-32.143917083740234,0.08596028995632855
99,0.0070197807982826845,6.1686117357726995e-06,0.0,0.0070197807982826845,0.4669520681137811,-0.5,-32.14394760131836,0.08595991068804028
100,0.006782645067099495,-0.02231500486558753,-0.05817178589192784,0.06495443095902734,6.5120342046258965,-0.5,-32.14397430419922,0.08555609535370483
101,0.0056566128868514075,-0.05264419575388716,-0.05817178589192784,0.06382839877877924,2.4148548402996175,-0.5,-38.389892578125,0.08718059661885093
102,0.003495493037070747,-0.08314696592009385,-0.05817178589192784,0.061667278928998585,0.1872837875706888,-0.5,-39.2868537902832,0.09101278547963448
103,0.0003598610385745143,-0.1096118493892274,-0.05817178589192784,0.058531646930502355,-0.9131536759679685,-0.5,-40.18147277832031,0.09693531745188584
104,-0.0035836341404362126,-0.13011244708812372,-0.05817178589192784,0.05458815175149163,-1.340311675899764,-0.5,-40.91389465332031,0.09027060454373212
105,-0.008125431399756336,-0.14413417728919398,-0.05817178589192784,0.050046354492171506,-1.3758256805189706,-0.5,-41.37757873535156,0.08108422559534775
106,-0.013051561050639558,-0.15199693012511697,-0.05817178589192784,0.04512022484128828,-1.1961549435617675,-0.5,-41.64525604248047,0.07122316104334826
107,-0.018165799363747775,-0.15447231546914467,-0.05817178589192784,0.04000598652818006,-0.9119473844521465,-0.5,-41.69013595581055,0.061059023812155444
108,-0.023301003971584827,-0.15253242036794235,-0.05817178589192784,0.034870781920343014,-0.5917389354377287,-0.5,-41.56971740722656,0.05090657564627028
109,-0.028323401303395595,-0.14718914495707522,-0.05817178589192784,0.029848384588532246,-0.2766516167093784,-0.5,-41.3321533203125,0.041016137477165815
110,-0.033132436811589734,-0.13939645754658525,-0.05817178589192784,0.025039349080338107,0.010197162289690233,-0.5,-41.01211166381836,0.031574339007685415
111,-0.03765800268283459,-0.12999622056542512,-0.05817178589192784,0.02051378320909325,0.25748812299791823,-0.5,-40.63314437866211,0.022709749477304433
112,-0.04185629444709568,-0.11969371785340004,-0.05817178589192784,0.01631549144483216,0.4615062144831006,-0.5,-40.220314025878906,0.014501016977399736
113,-0.04570514134217605,-0.10905281494519717,-0.05817178589192784,0.012466644549751792,0.6232631218266732,-0.5,-39.797149658203125,0.006985923463468421
114,-0.04919935953040818,-0.09850343710214116,-0.05817178589192784,0.00897242636151966,0.7465142570689044,-0.5,-39.37523651123047,0.00017032727230871514
115,-0.05234646288027717,-0.08835610434566221,-0.05817178589192784,0.005825323011650674,0.8364026562767386,-0.5,-38.96776580810547,-0.10596362762796846
116,-0.055162912873875425,-0.07881981999184264,-0.05817178589192784,0.003008873018052416,0.8985513430281418,-0.5,-38.58326721191406,-0.11145036675374473
117,-0.05767098259670865,-0.07002079276718508,-0.05817178589192784,0.0005008032952191904,0.9384793309005635,-0.5,-38.216094970703125,-0.11633493510894333
118,-0.059896238484325404,-0.06202036505259061,-0.05817178589192784,0.0017244525923975629,0.9612505201270187,-0.5,-37.87971115112305,-0.1241171445184587
119,-0.06186559871132807,-0.05483118141582307,-0.05817178589192784,0.003693812819400226,0.9712878374118621,-0.5,-37.5805778503418,-0.12844211672044994
120,-0.06360590178918915,-0.04843110962354938,-0.05817178589192784,0.00543411589726131,0.9723015999865106,-0.5,-37.31135177612305,-0.13137366213741686
121,-0.06514290751415905,-0.04277475953752263,-0.05817178589192784,0.006971121622231208,0.9672936507584062,-0.5,-37.07209777832031,-0.13396155873016413
122,-0.06650065049951276,-0.03780266608680758,-0.05817178589192784,0.008328864607584918,0.9586085945438529,-0.5,-36.86069107055664,-0.1362491772887196
123,-0.06770107076662722,-0.03344833794658429,-0.05817178589192784,0.009529284874699381,0.9480111823517207,-0.5,-36.67462921142578,-0.13827497869769811
124,-0.06876385372390822,-0.02964344603243836,-0.05817178589192784,0.010592067831980384,0.9367749754739157,-0.5,-36.511314392089844,-0.1400726627067194
125,-0.06970642148696717,-0.02632145362046431,-0.05817178589192784,0.011534635595039325,0.9257721695939557,-0.5,-36.3681526184082,-0.14167148341801647
126,-0.07054402759799527,-0.023419987268062728,-0.05817178589192784,0.012372241706067433,0.915558098985657,-0.5,-36.24267578125,-0.14309666067042182
127,-0.07128991693363981,-0.020882225908190256,-0.05817178589192784,0.013118131041711972,0.906446663468768,-0.5,-36.13304901123047,-0.14436983449833368
128,-0.07195552142927204,-0.018657552901963314,-0.05817178589192784,0.013783735537344202,0.8985748939033811,-0.5,-36.040008544921875,-0.14550952499927447
129,-0.07255066992090428,-0.016701678523665844,-0.05817178589192784,0.01437888402897644,0.8919562441819912,-0.5,-35.958099365234375,-0.14653157225962407
130,-0.07308379681759354,-0.01497640250643731,-0.05817178589192784,0.0149120109256657,0.8865230991677846,-0.5,-35.88578796386719,-0.1474495406571982
131,-0.07356213948926052,-0.013449150611576834,-0.05817178589192784,0.015390353597332679,0.8821595308910001,-0.5,-35.82176208496094,-0.14827507918076685
132,-0.07399191828436738,-0.012092387293887298,-0.05817178589192784,0.01582013239243954,0.878725613732553,-0.5,-35.764888763427734,-0.14901823472853598
133,-0.07437849611711903,-0.01088297919117696,-0.05817178589192784,0.016206710225191184,0.8760747004399628,-0.5,-35.71422576904297,-0.14968771902654854
134,-0.07472651674041043,-0.009801561560937411,-0.05817178589192784,0.016554730848482593,0.874065026113035,-0.5,-35.66896057128906,-0.15029113218215914
135,-0.07504002230506401,-0.008831941730707287,-0.05817178589192784,0.016868236413136173,0.8725668943251356,-0.5,-35.628414154052734,-0.150835147261317
136,-0.07532255174455027,-0.007960559696608147,-0.05817178589192784,0.01715076585262243,0.8714665439015704,-0.5,-35.592018127441406,-0.1513256609134172
137,-0.07557722204786872,-0.007176015651118713,-0.05817178589192784,0.01740543615594088,0.8706676221728499,-0.5,-35.55928421020508,-0.15176791518161184
138,-0.07580679470312664,-0.006468666858398434,-0.05817178589192784,0.017635008811198796,0.8700910183037962,-0.5,-35.529808044433594,-0.15216659540443112
139,-0.07601372960255125,-0.005830291347341617,-0.05817178589192784,0.017841943710623406,0.8696736497915107,-0.5,-35.50322723388672,-0.1525259086718942
140,-0.07620022856949132,-0.005253812828761902,-0.05817178589192784,0.018028442677563483,0.8693666528541579,-0.5,-35.479248046875,-0.15284964674736082
141,-0.07636827045582541,-0.004733079597878059,-0.05817178589192784,0.018196484563897566,0.8691333061259903,-0.5,-35.45760726928711,-0.1531412367778788
142,-0.07651963950593638,-0.004262689563051743,-0.05817178589192784,0.018347853614008536,0.8689469173202043,-0.5,-35.438072204589844,-0.1534037825401363
143,-0.07665594842072238,-0.003837853625435867,-0.05817178589192784,0.018484162528794534,0.8687888232092797,-0.5,-35.420433044433594,-0.15364009843750254
144,-0.0767786573018979,-0.0034542901685657786,-0.05817178589192784,0.018606871409970055,0.868646592338713,-0.5,-35.404518127441406,-0.1538527379933996
145,-0.07688908942538011,-0.00310814420904712,-0.05817178589192784,0.018717303533452273,0.8685124747937868,-0.5,-35.390159606933594,-0.1540440181846948
146,-0.0769884445894276,-0.0027959256680080624,-0.05817178589192784,0.018816658697499752,0.8683821114025465,-0.5,-35.37721252441406,-0.1542160406263031
147,-0.07707781061084425,-0.0025144621490369706,-0.05817178589192784,0.018906024718916406,0.8682534933901922,-0.5,-35.36553955078125,-0.154370710350557
148,-0.07715817340061311,-0.002260862486945291,-0.05817178589192784,0.018986387508685268,0.8681261503387513,-0.5,-35.35502243041992,-0.15450975271534234
149,-0.07723042593661147,-0.00203248812399622,-0.05817178589192784,0.019058640044683633,0.8680005372898705,-0.5,-35.345550537109375,-0.15463472881542112
150,-0.0772953763623927,-0.001826930056703245,-0.05817178589192784,0.019123590470464857,0.8678775892279895,-0.5,-35.33702087402344,-0.15474704965340177
151,-0.0773537553737603,-0.0016419896711673868,-0.05817178589192784,0.019181969481832456,0.8677584115920796,-0.5,-35.32935333251953,-0.15484798924244655
152,-0.07740622300530915,-0.0014756622516706327,-0.05817178589192784,0.01923443711338131,0.8676440777852438,-0.5,-35.322452545166016,-0.15493869675475067
153,-0.07745337489377042,-0.0013261223150898525,-0.05817178589192784,0.019281589001842583,0.8675355080486884,-0.5,-35.31624984741211,-0.15502020779175663
154,-0.07749574807073174,-0.0011917102049467745,-0.05817178589192784,0.019323962178803902,0.8674334079325597,-0.5,-35.310672760009766,-0.15509345482867215
155,-0.07753382632140178,-0.0010709195870626557,-0.05817178589192784,0.01936204042947394,0.8673382485093012,-0.5,-35.30565643310547,-0.15515927687282674
156,-0.07756804513629269,-0.0009623856372261335,-0.05817178589192784,0.019396259244364847,0.8672502741614831,-0.5,-35.30115509033203,-0.15521842836933758
157,-0.07759879627718104,-0.0008648738124512756,-0.05817178589192784,0.0194270103852532,0.8671695270739969,-0.5,-35.29710388183594,-0.155271587385873
158,-0.07762643197605583,-0.000777269162324923,-0.05817178589192784,0.01945464608412799,0.8670958803919766,-0.5,-35.2934684753418,-0.1553193631091027
159,-0.07765126878488962,-0.000698566175013831,-0.05817178589192784,0.01947948289296178,0.8670290743510725,-0.5,-35.290199279785156,-0.15536230268736373
160,-0.07767359109419071,-0.0006278591714609055,-0.05817178589192784,0.01950180520226287,0.8669687515654584,-0.5,-35.287261962890625,-0.15540089745625554
161,-0.077693654338859,-0.000564333267313892,-0.05817178589192784,0.019521868446931157,0.8669144891140518,-0.5,-35.28462600708008,-0.155435588585752
162,-0.07771168791051147,-0.0005072559199590415,-0.05817178589192784,0.019539902018583633,0.8668658261528702,-0.5,-35.28225326538086,-0.15546677218867339
163,-0.07772789779594295,-0.00045596907122197366,-0.05817178589192784,0.019556111904015114,0.8668222865609696,-0.5,-35.280128479003906,-0.15549480393087847
164,-0.07774246896162604,-0.0004098818873857244,-0.05817178589192784,0.019570683069698197,0.8667833966581128,-0.5,-35.2782096862793,-0.15552000318330447
165,-0.07775556750408573,-0.0003684640888876544,-0.05817178589192784,0.01958378161215789,0.8667486983681206,-0.5,-35.276493072509766,-0.15554265675507556
166,-0.07776734258561296,-0.0003312398534881409,-0.05817178589192784,0.019595556693685123,0.8667177583906978,-0.5,-35.27494430541992,-0.15556302224542756
167,-0.07777792817414063,-0.0002977822694760275,-0.05817178589192784,0.019606142282212788,0.866690174026534,-0.5,-35.2735595703125,-0.1555813310502827
168,-0.07778744460524543,-0.000267708309868684,-0.05817178589192784,0.019615658713317594,0.8666655763087646,-0.5,-35.272308349609375,-0.1555977910570891
169,-0.07779599998321322,-0.00024067429462195793,-0.05817178589192784,0.019624214091285383,0.8666436310541731,-0.5,-35.27118682861328,-0.15561258905912534
170,-0.0778036914369702,-0.00021637180548089117,-0.05817178589192784,0.019631905545042364,0.8666240383801382,-0.5,-35.270172119140625,-0.15562589291797144
171,-0.07781060624548589,-0.00019452401708109358,-0.05817178589192784,0.019638820353558045,0.8666065311523483,-0.5,-35.26926803588867,-0.15563785350034148
172,-0.07781682284603915,-0.00017488240801767323,-0.05817178589192784,0.01964503695411131,0.8665908727443963,-0.5,-35.26844787597656,-0.15564860641303244
173,-0.07782241173753991,-0.0001572238165888329,-0.05817178589192784,0.01965062584561207,0.8665768544100698,-0.5,-35.267723083496094,-0.15565827355741002
174,-0.07782743628994285,-0.0001413478075630974,-0.05817178589192784,0.019655650398015007,0.8665642924966331,-0.5,-35.26705551147461,-0.15566696452266676
175,-0.07783195346969445,-0.0001270743184046317,-0.05817178589192784,0.019660167577766605,0.8665530256647728,-0.5,-35.26646423339844,-0.15567477783506073
176,-0.07783601449013278,-0.00011424155574501451,-0.05817178589192784,0.019664228598204936,0.8665429122288472,-0.5,-35.265933990478516,-0.1556818020784911
177,-0.07783966539481904,-0.0001027041153685994,-0.05817178589192784,0.0196678795028912,0.8665338276894078,-0.5,-35.26545333862305,-0.15568811690009277
178,-0.0778429475809215,-9.233130147160902e-05,-0.05817178589192784,0.01967116168899366,0.8665256624976011,-0.5,-35.26502227783203,-0.15569379391301905
179,-0.07784589826899696,-8.300562337961275e-05,-0.05817178589192784,0.01967411237706912,0.8665183200672095,-0.5,-35.2646369934082,-0.15569889750723837
180,-0.07784855092481914,-7.462145020771445e-05,-0.05817178589192784,0.0196767650328913,0.8665117150330427,-0.5,-35.264286041259766,-0.15570348557797087
181,-0.07785093563828124,-6.708380608548073e-05,-0.05817178589192784,0.019679149746353403,0.8665057717430072,-0.5,-35.26397705078125,-0.15570761018032886
182,-0.0778530794638476,-6.030729052489258e-05,-0.05817178589192784,0.019681293571919764,0.8665004229643501,-0.5,-35.26369094848633,-0.15571131811778782
183,-0.07785500672653918,-5.421511027724978e-05,-0.05817178589192784,0.01968322083461134,0.866495608780959,-0.5,-35.2634391784668,-0.1557146514712838
184,-0.07785673929700423,-4.873821060576612e-05,-0.05817178589192784,0.019684953405076394,0.8664912756574911,-0.5,-35.263214111328125,-0.1557176480750038
185,-0.07785829683884178,-4.381449530323778e-05,-0.05817178589192784,0.01968651094691394,0.8664873756466653,-0.5,-35.26301193237305,-0.15572034194428624
186,-0.07785969703100773,-3.9388126021386356e-05,-0.05817178589192784,0.01968791113907989,0.8664838657176883,-0.5,-35.26282501220703,-0.15572276366048246
187,-0.07786095576783236,-3.540889256426071e-05,-0.05817178589192784,0.019689169875904522,0.866480707185898,-0.5,-35.262664794921875,-0.15572494071711757
188,-0.07786208733891453,-3.1831646749476444e-05,-0.05817178589192784,0.01969030144698669,0.866477865226467,-0.5,-35.26251220703125,-0.1557268978312487
189,-0.07786310459092126,-2.8615793272228192e-05,-0.05817178589192784,0.019691318698993418,0.8664753084572159,-0.5,-35.26238250732422,-0.15572865722351284
190,-0.07786401907311301,-2.5724831733903098e-05,-0.05817178589192784,0.019692233181185168,0.8664730085782983,-0.5,-35.26225662231445,-0.15573023887000445
191,-0.07786484116822978,-2.3125944633205316e-05,-0.05817178589192784,0.01969305527630194,0.8664709400585932,-0.5,-35.26215362548828,-0.15573166072880798
192,-0.07786558021020606,-2.078962667493127e-05,-0.05817178589192784,0.019693794318278224,0.8664690798604638,-0.5,-35.262054443359375,-0.15573293894372217
193,-0.07786624459003563,-1.868935124145039e-05,-0.05817178589192784,0.019694458698107792,0.8664674071964208,-0.5,-35.261966705322266,-0.1557340880274629
194,-0.07786684185097405,-1.6801270303675317e-05,-0.05817178589192784,0.019695055959046207,0.8664659033123823,-0.5,-35.26188659667969,-0.1557351210264017
195,-0.07786737877414812,-1.510394443010171e-05,-0.05817178589192784,0.01969559288222028,0.8664645512934522,-0.5,-35.26181411743164,-0.15573604966869184
196,-0.07786786145553456,-1.3578099891277051e-05,-0.05817178589192784,0.019696075563606724,0.8664633358889662,-0.5,-35.261756896972656,-0.15573688449745013
197,-0.07786829537517424,-1.2206410158646726e-05,-0.05817178589192784,0.019696509483246402,0.8664622433542799,-0.5,-35.261695861816406,-0.15573763499049612
198,-0.07786868545940229,-1.0973299366180786e-05,-0.05817178589192784,0.019696899567474446,0.8664612613072843,-0.5,-35.26164627075195,-0.15573830966800092
199,-0.07786903613679591,-9.864765544285591e-06,-0.05817178589192784,0.01969725024486807,0.8664603785980259,-0.5,-35.261600494384766,-0.15573891618926267
200,-0.0775392303327972,0.03103817483538414,0.022742972726930676,0.10028220305972788,-7.542020819176503,-0.5,-35.261558532714844,-0.1563005636033649
201,-0.07597299897085312,0.07322505130363827,0.022742972726930676,0.09871597169778379,-1.8429990545649575,-0.5,-27.361858367919922,-0.15404101914494406
202,-0.07296699599981911,0.11565335821272796,0.022742972726930676,0.09570996872674978,1.255468121959488,-0.5,-26.280872344970703,-0.1487106569392406
203,-0.06860548005943677,0.15246510653370568,0.022742972726930676,0.09134845278636744,2.78613502535525,-0.5,-25.215347290039062,-0.1404726995051765
204,-0.0631202539132253,0.18098074893330188,0.022742972726930676,0.08586322664015597,3.3802956137996687,-0.5,-24.322208404541016,-0.12980431912690424
205,-0.05680280944650671,0.20048452261210167,0.022742972726930676,0.07954578217343738,3.4296941932551186,-0.5,-23.65713119506836,-0.11731240055689991
206,-0.04995077069412966,0.2114213835359571,0.022742972726930676,0.07269374342106033,3.17977892494011,-0.5,-23.236501693725586,-0.0036205718126801206
207,-0.04283707770354896,0.21486461269339308,0.022742972726930676,0.06558005043047964,2.784456888008776,-0.5,-23.063669204711914,0.010696306948813114
208,-0.03569421942066024,0.2121663471760768,0.022742972726930676,0.05843719214759092,2.33905897693364,-0.5,-23.1350040435791,0.025146102082764396
209,-0.02870827003218424,0.20473410250908372,0.022742972726930676,0.05145124275911492,1.9007843692463575,-0.5,-23.370302200317383,0.03933270419865334
210,-0.022019097297314726,0.19389481317121976,0.022742972726930676,0.0447620700242454,1.501788508520969,-0.5,-23.723773956298828,0.05295623748167908
211,-0.015724218698982943,0.18081947853481367,0.022742972726930676,0.03846719142591362,1.1578160836133524,-0.5,-24.158876419067383,0.06580546727362521
212,-0.009884564746123061,0.16648912225823645,0.022742972726930676,0.03262753747305373,0.8740345897915229,-0.5,-24.64146614074707,0.07774606834770195
213,-0.004530974261992678,0.15168806042883157,0.022742972726930676,0.027273946988923353,0.6490368109647722,-0.5,-25.147171020507812,0.08870723893870346
214,0.00032934211415400064,0.1370143032275036,0.022742972726930676,0.022413630612776674,0.4775991104311518,-0.5,-25.654212951660156,0.0973509169864635
215,0.004706835784865733,0.12289977261586872,0.022742972726930676,0.01803613694206494,0.35256771886983956,-0.5,-26.13031005859375,0.08881883347018683
216,0.008624403956111285,0.10963518461641225,0.022742972726930676,0.01411856877081939,0.2661212224747989,-0.5,-26.58535385131836,0.08118700102820237
217,0.012113027564390193,0.09739609107228396,0.022742972726930676,0.010629945162540483,0.21058288144901718,-0.5,-27.02211570739746,0.07439276392588433
218,0.015208268480377644,0.08626781716105413,0.022742972726930676,0.007534704246553031,0.1789090015019047,-0.5,-27.427955627441406,0.06836531309717947
219,0.01794756880045494,0.07626795121586284,0.022742972726930676,0.004795403926475737,0.1649474583485278,-0.5,-27.81077766418457,0.06303076515837427
220,0.02036825981951905,0.06736570833021092,0.022742972726930676,0.002374712907411626,0.16353734060240657,-0.5,-28.162649154663086,0.058315885963515474
221,0.02250617238652984,0.05949795271000708,0.022742972726930676,0.0002368003404008348,0.1705031979376294,-0.5,-28.475509643554688,0.054150670158450764
222,0.024394737691636123,0.05258197084333101,0.022742972726930676,0.0016517649647054475,0.18258377342119458,-0.5,-28.734375,0.047166461450256596
223,0.02606447343174139,0.04652527594839974,0.022742972726930676,0.003321500704810715,0.19732436489365845,-0.5,-28.952327728271484,0.04387505359899197
224,0.027542761226722723,0.04123282497490377,0.022742972726930676,0.004799788499792047,0.21295349656441048,-0.5,-29.128372192382812,0.04137454850282804
225,0.028853834545667582,0.036612067965504334,0.022742972726930676,0.006110861818736907,0.2282579770657195,-0.5,-29.282257080078125,0.03915065419144476
226,0.03001891045753768,0.03257624591847525,0.022742972726930676,0.007275937730607005,0.24246535730074356,-0.5,-29.418743133544922,0.03716829087713078
227,0.031056412056620387,0.02904632296654348,0.022742972726930676,0.008313439329689712,0.25513901439411785,-0.5,-29.538400650024414,0.03539735813934934
228,0.03198224070726643,0.025951893358499605,0.022742972726930676,0.009239267980335752,0.2660883435252877,-0.5,-29.643142700195312,0.03381209526689613
229,0.032810067925778175,0.02323135183216378,0.022742972726930676,0.010067095198847499,0.27529463077817146,-0.5,-29.735031127929688,0.03239046933832372
230,0.03355162563557911,0.02083156332524763,0.022742972726930676,0.010808652908648436,0.2828519262026943,-0.5,-29.815881729125977,0.03111361285277847
231,0.03421698072597905,0.018707218361509556,0.022742972726930676,0.011474007999048373,0.28892148118135275,-0.5,-29.887248992919922,0.02996532253956649
232,0.034814785449752715,0.016820016091101064,0.022742972726930676,0.01207181272282204,0.29369792692597363,-0.5,-29.950464248657227,0.028931623572165846
233,0.03535249940271876,0.015137778929103035,0.022742972726930676,0.012609526675788081,0.29738524419109325,-0.5,-30.00650405883789,0.02800039829514131
234,0.035836581856015466,0.013633571293410847,0.022742972726930676,0.01309360912908479,0.30018062256741845,-0.5,-30.057174682617188,0.02716107527000182
235,0.03627265527640557,0.01228486982720345,0.022742972726930676,0.013529682549474897,0.30226446485794933,-0.5,-30.102798461914062,0.026404372535438578
236,0.0366656421755677,0.01107281311231264,0.022742972726930676,0.013922669448637022,0.30379500853485625,-0.5,-30.143714904785156,0.025722088094086867
237,0.0370198781574791,0.009981544478591705,0.022742972726930676,0.014276905430548423,0.3049062764994476,-0.5,-30.180496215820312,0.025106930479200817
238,0.037339204338811494,0.008997651273067116,0.022742972726930676,0.014596231611880818,0.30570830891481887,-0.5,-30.213611602783203,0.024552382577391257
239,0.03762704232866572,0.008109697069995068,0.022742972726930676,0.014884069601735044,0.3062888511411233,-0.5,-30.24346923828125,0.024052592499314587
240,0.03788645477289563,0.007307839041339662,0.022742972726930676,0.015143482045964954,0.30671587083623864,-0.5,-30.27041244506836,0.023602286057911856
241,0.03812019417319518,0.006583520418738224,0.022742972726930676,0.015377221446264501,0.30704044601740377,-0.5,-30.29473876953125,0.023196696232373193
242,0.03833074234024167,0.005929227115315565,0.022742972726930676,0.015587769613310994,0.30729970463325434,-0.5,-30.316713333129883,0.0228315057967044
243,0.038520342474797534,0.005338297692143646,0.022742972726930676,0.015777369747866858,0.30751960651548427,-0.5,-30.336557388305664,0.022502800031241887
244,0.03869102551845746,0.004804776597435999,0.022742972726930676,0.015948052791526786,0.3077174433360992,-0.5,-30.354476928710938,0.022207027089553355
245,0.03884463209377945,0.004323301708377636,0.022742972726930676,0.016101659366848778,0.30790399492315046,-0.5,-30.370651245117188,0.021940964151700215
246,0.038982831070992964,0.0038890184691991406,0.022742972726930676,0.01623985834406229,0.30808532471059213,-0.5,-30.38524627685547,0.021701687957340607
247,0.03910713555874088,0.003497514207208934,0.022742972726930676,0.016364162831810206,0.3082642268196146,-0.5,-30.398408889770508,0.021486548684409884
248,0.03921891691886646,0.0031447674306229034,0.022742972726930676,0.016475944191935786,0.3084413555760074,-0.5,-30.410274505615234,0.021293146430610366
249,0.03931941724708594,0.0028271080140908787,0.022742972726930676,0.016576444520155262,0.3086160780269585,-0.5,-30.420963287353516,0.021119309776904113
250,0.03940976063805643,0.0025411851326642525,0.022742972726930676,0.016666787911125754,0.3087870936380542,-0.5,-30.43058967590332,0.020963076076283435
251,0.039490963459793096,0.0022839406045639748,0.022742972726930676,0.01674799073286242,0.30895286477970035,-0.5,-30.43924903869629,0.02082267322844894
252,0.03956394379346606,0.002052585952337884,0.022742972726930676,0.016820971066535385,0.3091118983835673,-0.5,-30.44704246520996,0.020696502781778023
253,0.03962953014545367,0.0018445820036571802,0.022742972726930676,0.016886557418522997,0.3092629144242568,-0.5,-30.454051971435547,0.020583124256922186
254,0.03968846950477673,0.0016576202442117292,0.022742972726930676,0.016945496777846056,0.3094049315040029,-0.5,-30.460351943969727,0.02048124061891289
255,0.039741434796919155,0.0014896054246967844,0.022742972726930676,0.01699846206998848,0.30953729437508776,-0.5,-30.466012954711914,0.02038968484278443
256,0.03978903177141442,0.0013386391303579928,0.022742972726930676,0.017046059044483745,0.3096596631072321,-0.5,-30.471105575561523,0.02030740752615799
257,0.03983180535290992,0.0012030041622829838,0.022742972726930676,0.017088832625979246,0.3097719790198249,-0.5,-30.475677490234375,0.020233465504570516
258,0.03987024548173145,0.0010811496699318906,0.022742972726930676,0.017127272754800776,0.3098744185604984,-0.5,-30.479785919189453,0.020167011424218978
259,0.03990479246875735,0.0009716770273551672,0.022742972726930676,0.01716181974182667,0.30996734304922174,-0.5,-30.483478546142578,0.02010728422409165
260,0.03993584188958081,0.0008733264719178242,0.022742972726930676,0.017192869162650136,0.31005124959400115,-0.5,-30.486793518066406,0.02005360047641902
261,0.03996374904372457,0.000784964532714619,0.022742972726930676,0.017220776316793897,0.3101267264601309,-0.5,-30.48977279663086,0.02000534653177137
262,0.03998883300556677,0.0007055722728409584,0.022742972726930676,0.017245860278636095,0.31019441466243547,-0.5,-30.492450714111328,0.019961971413382212
263,0.0400113802943323,0.0006342343602115913,0.022742972726930676,0.017268407567401625,0.3102549764655868,-0.5,-30.494855880737305,0.019922980404559282
264,0.04003164819083508,0.0005701289692224248,0.022742972726930676,0.017288675463904404,0.31030907073948627,-0.5,-30.49701690673828,0.01988792927336594
265,0.04004986772856155,0.0005125185026310767,0.022742972726930676,0.017306895001630872,0.31035733464952486,-0.5,-30.49895668029785,0.019856419080018894
266,0.04006624638616928,0.000460741111112938,0.022742972726930676,0.0173232736592386,0.3104003708989091,-0.5,-30.500703811645508,0.019828091514498075
267,0.040080970507583726,0.0004142029778958219,0.022742972726930676,0.01733799778065305,0.31043873962613294,-0.5,-30.502273559570312,0.01980262471452332
268,0.0400942074746791,0.00037237132807674294,0.022742972726930676,0.017351234747748426,0.3104729540492544,-0.5,-30.50368309020996,0.01977972951714259
269,0.04010610765610318,0.0003347681167405478,0.022742972726930676,0.017363134929172505,0.3105034790036719,-0.5,-30.50495147705078,0.019759146100532532
270,0.040116806154226414,0.0003009643466834044,0.022742972726930676,0.01737383342729574,0.3105307316140415,-0.5,-30.506088256835938,0.01974064097608977
271,0.040126424370531585,0.0002705749651240773,0.022742972726930676,0.01738345164360091,0.31055508345343025,-0.5,-30.507112503051758,0.019724004294375458
272,0.04013507140807073,0.00024325428893458197,0.022742972726930676,0.017392098681140056,0.3105768636596285,-0.5,-30.508033752441406,0.019709047431872656
273,0.040142845327948776,0.00021869190929939687,0.022742972726930676,0.0173998726010181,0.3105963625901894,-0.5,-30.508861541748047,0.01969560082875943
274,0.040149834275185044,0.00019660902899585342,0.022742972726930676,0.017406861548254368,0.3106138356986453,-0.5,-30.509605407714844,0.01968351205094386
275,0.04015611748778033,0.00017675518838943303,0.022742972726930676,0.017413144760849653,0.3106295074014548,-0.5,-30.510276794433594,0.019672644052424595
276,0.040161766201396644,0.00015890533951170758,0.022742972726930676,0.01741879347446597,0.31064357477758797,-0.5,-30.510875701904297,0.019662873616614812
277,0.040166844460747475,0.00014285723103664666,0.022742972726930676,0.0174238717338168,0.31065621100073004,-0.5,-30.511417388916016,0.019654089957602386
278,0.04017140984760342,0.0001284290704385138,0.022742972726930676,0.017428437120672748,0.3106675684488781,-0.5,-30.511905670166016,0.01964619346441529
279,0.040175514134239185,0.00011545743298724511,0.022742972726930676,0.01743254140730851,0.31067778146952063,-0.5,-30.512344360351562,0.01963909457323651
280,0.040179203870179495,0.00010379539043566763,0.022742972726930676,0.01743623114324882,0.3106869688021612,-0.5,-30.512733459472656,0.019632712754178924
281,0.04018252090923715,9.331083522654533e-05,0.022742972726930676,0.017439548182306475,0.31069523567577056,-0.5,-30.513086318969727,0.01962697560070671
282,0.04018550288306737,8.388497876849415e-05,0.022742972726930676,0.01744253015613669,0.31070267560836146,-0.5,-30.51340675354004,0.019621818011096623
283,0.040188183626781095,7.541100478847597e-05,0.022742972726930676,0.01744521089985042,0.3107093719407992,-0.5,-30.513689041137695,0.019617181452484672
284,0.04019059356155699,6.779286096743522e-05,0.022742972726930676,0.017447620834626316,0.31071539913855467,-0.5,-30.513946533203125,0.019613013299061746
285,0.04019276003865849,6.0944174016793384e-05,0.022742972726930676,0.01744978731172781,0.31072082389432265,-0.5,-30.514179229736328,0.019609266236880696
286,0.040194707648791315,5.4787275074125176e-05,0.022742972726930676,0.01745173492186064,0.3107257060621897,-0.5,-30.514389038085938,0.019605897728530844
287,0.04019645850032,4.925232380707062e-05,0.022742972726930676,0.017453485773389323,0.31073009945092117,-0.5,-30.514572143554688,0.019602869531640976
288,0.04019803246949311,4.4276520937408974e-05,0.022742972726930676,0.017455059742562437,0.3107340525004422,-0.5,-30.514739990234375,0.019600147265793788
289,0.04019944742549988,3.980340005368375e-05,0.022742972726930676,0.017456474698569202,0.3107376088620788,-0.5,-30.514890670776367,0.0195977000229908
290,0.04020071943289012,3.578219059175977e-05,0.022742972726930676,0.017457746705959447,0.3107408078997451,-0.5,-30.515026092529297,0.019595500017299927
291,0.04020186293363124,3.216724474727979e-05,0.022742972726930676,0.017458890206700564,0.31074368512620215,-0.5,-30.515146255493164,0.01959352226975905
292,0.04020289091084501,2.8917521859303395e-05,0.022742972726930676,0.017459918183914333,0.3107462725858548,-0.5,-30.5152587890625,0.019591744325003255
293,0.04020381503606115,2.5996124485767814e-05,0.022742972726930676,0.017460842309130475,0.31074859919325193,-0.5,-30.51535415649414,0.01959014599643727
294,0.04020464580164017,2.3369880991905407e-05,0.022742972726930676,0.017461673074709493,0.31075069103455244,-0.5,-30.515445709228516,0.019588709137091057
295,0.04020539263985259,2.100897000385421e-05,0.022742972726930676,0.01746241991292191,0.310752571637686,-0.5,-30.51552391052246,0.019587417433582208
296,0.0402060640299531,1.8886582550880505e-05,0.022742972726930676,0.017463091303022427,0.3107542622157048,-0.5,-30.51559829711914,0.01958625622086574
297,0.04020666759445484,1.6978618139201913e-05,0.022742972726930676,0.017463694867524165,0.3107557818868492,-0.5,-30.51565933227539,0.019585212315681624
298,0.04020721018568879,1.526341137510857e-05,0.022742972726930676,0.017464237458758115,0.31075714787412906,-0.5,-30.515718460083008,0.019584273866819726
299,0.04020769796362504,1.3721486090591237e-05,0.022742972726930676,0.017464725236694366,0.31075837568666714,-0.5,-30.515769958496094,0.019583430220509138
300,0.04025801727854544,0.0047034985099882855,0.03496907539671309,0.005288941881832349,-0.9597497142839446,-0.5,-30.51581573486328,0.01919847120248931
301,0.0404951095923102,0.01107649287540115,0.03496907539671309,0.005526034195597114,-0.09863469172653054,-0.5,-29.32762908935547,0.018218863857844783
302,0.04094970515955073,0.017486106591507185,0.03496907539671309,0.0059806297628376415,0.36954019311932906,-0.5,-29.143123626708984,0.016771688784082667
303,0.04160907708199283,0.023047191912221907,0.03496907539671309,0.006640001685279742,0.6008226306166079,-0.5,-28.95063018798828,0.01497011431796115
304,0.042438204307658385,0.02735486044656924,0.03496907539671309,0.007469128910945297,0.6906002323531417,-0.5,-28.78384017944336,0.012926721136689218
305,0.04339304643977361,0.030300950079226698,0.03496907539671309,0.008423971043060523,0.698065003881867,-0.5,-28.654911041259766,0.010744017484376228
306,0.04442863615853266,0.03195268276817753,0.03496907539671309,0.009459560761819572,0.6603038145486683,-0.5,-28.567058563232422,0.008509503825766762
307,0.04550373553148455,0.032472220505999856,0.03496907539671309,0.010534660134771459,0.6005718081399589,-0.5,-28.51822280883789,0.006293818538779028
308,0.0465832184346896,0.032063860968376386,0.03496907539671309,0.011614143037976511,0.5332733511490708,-0.5,-28.503490447998047,0.004150887178996934
309,0.04763897168246701,0.03094027026829125,0.03496907539671309,0.01266989628575392,0.46705116227498694,-0.5,-28.51668357849121,0.0021192898738740112
310,0.04864986357551141,0.029301939591318726,0.03496907539671309,0.013680788178798323,0.4067638877364862,-0.5,-28.551380157470703,0.00022428397636684028
311,0.04960116126605509,0.02732579923044051,0.03496907539671309,0.014632085869342004,0.35479053197527377,-0.5,-28.601524353027344,-0.0015199101841758822
312,0.05048365995285212,0.02516007503133273,0.03496907539671309,0.015514584556139029,0.31191190033690563,-0.5,-28.66181182861328,-0.10310782234406789
313,0.05129270147194872,0.022923271157137326,0.03496907539671309,0.01632362607523563,0.27791536837995623,-0.5,-28.728023529052734,-0.1045406080208509
314,0.052027197688408314,0.020705741709712653,0.03496907539671309,0.017058122291695225,0.2520116556518215,-0.5,-28.796293258666992,-0.10582417867876186
315,0.05268872903656803,0.018572745543234702,0.03496907539671309,0.017719653639854942,0.2331198411084422,-0.5,-28.863901138305664,-0.10696762669845751
316,0.05328075636808921,0.016568205896050178,0.03496907539671309,0.018311680971376122,0.2200581232760512,-0.5,-28.928878784179688,-0.1079819503625021
317,0.053807961861750284,0.014718645222727842,0.03496907539671309,0.018838886465037195,0.21166656042963786,-0.5,-28.989912033081055,-0.10887906147829804
318,0.05427571976739661,0.013036953180185586,0.03496907539671309,0.019306644370683523,0.20688086284676038,-0.5,-29.046205520629883,-0.10967104509944883
319,0.054689688343055196,0.011525784774655703,0.03496907539671309,0.019720612946342107,0.20477145551033207,-0.5,-29.097375869750977,-0.11036963450050177
320,0.055055509022826035,0.010180486145165282,0.03496907539671309,0.020086433626112947,0.20455853402848248,-0.5,-29.143352508544922,-0.11098586303268117
321,0.055378596451902455,0.00899151549151503,0.03496907539671309,0.020409521055189367,0.20561119556106555,-0.5,-29.18427848815918,-0.1115298561074571
322,0.055664002624255096,0.00794637305817189,0.03496907539671309,0.020694927227542008,0.20743667039721211,-0.5,-29.220447540283203,-0.11201073007377144
323,0.05591633924968718,0.007031082550981166,0.03496907539671309,0.020947263852974095,0.20966405793289583,-0.5,-29.252243041992188,-0.11243656925235551
324,0.05613974412776496,0.0062312815965825255,0.03496907539671309,0.02117066873105187,0.21202569194298862,-0.5,-29.280094146728516,-0.11281445721343682
325,0.056337879328898735,0.00553298467651129,0.03496907539671309,0.021368803932185647,0.21433826204802703,-0.5,-29.304431915283203,-0.11315054309275681
326,0.05651395110653989,0.0049230814140899795,0.03496907539671309,0.0215448757098268,0.21648505327774295,-0.5,-29.32568359375,-0.11345012806142543
327,0.0566707435097155,0.004389628510030725,0.03496907539671309,0.021701668113002413,0.2184000934191405,-0.5,-29.344249725341797,-0.11371776084810815
328,0.05681065952274336,0.003921986773618863,0.03496907539671309,0.021841584126030274,0.22005458314263004,-0.5,-29.360492706298828,-0.11395733439719553
329,0.05693576517169494,0.0035108468546534207,0.03496907539671309,0.021966689774981854,0.22144569550599263,-0.5,-29.37472915649414,-0.11417217833507415
330,0.05704783338470659,0.003148179327197828,0.03496907539671309,0.022078757987993504,0.2225876419677088,-0.5,-29.38725471496582,-0.11436514394878473
331,0.05714838548026605,0.002827137280337449,0.03496907539671309,0.022179310083552964,0.22350478794629072,-0.5,-29.398300170898438,-0.11453867992010844
332,0.057238729004490174,0.0025419328686469723,0.03496907539671309,0.022269653607777086,0.22422654244664547,-0.5,-29.4080810546875,-0.11469489817663682
333,0.05731999127422493,0.002287703528063139,0.03496907539671309,0.02235091587751184,0.22478372712440384,-0.5,-29.416772842407227,-0.11483562999458775
334,0.05739314844024774,0.002060378811899926,0.03496907539671309,0.02242407304353465,0.22520613745378984,-0.5,-29.42452049255371,-0.11496247298711329
335,0.05745905019681319,0.0018565550067720937,0.03496907539671309,0.0224899748001001,0.2255210324080346,-0.5,-29.431447982788086,-0.11507682990053043
336,0.05751844046105902,0.0016733817600739593,0.03496907539671309,0.022549365064345933,0.22575232177351365,-0.5,-29.43766212463379,-0.11517994027436756
337,0.057571974455808764,0.0015084627746639958,0.03496907539671309,0.022602899059095675,0.22592025651634975,-0.5,-29.44324493408203,-0.11527290604510047
338,0.057620232675514416,0.0013597710789640147,0.03496907539671309,0.022651157278801327,0.22604146381538345,-0.5,-29.448270797729492,-0.11535671212468268
339,0.057663732216803563,0.0012255783407269301,0.03496907539671309,0.022694656820090475,0.22612920210981724,-0.5,-29.452804565429688,-0.11543224289193262
340,0.057702935927733866,0.0011043970488096764,0.03496907539671309,0.022733860531020778,0.22619374143221416,-0.5,-29.456893920898438,-0.11550029541883852
341,0.057738259785270675,0.00099493404151059,0.03496907539671309,0.022769184388557587,0.22624279979291192,-0.5,-29.460588455200195,-0.11556159013015369
342,0.057770078857484614,0.0008960537296812365,0.03496907539671309,0.022801003460771525,0.22628198734731028,-0.5,-29.463924407958984,-0.11561677947366723
343,0.0577987321517551,0.0008067493804194062,0.03496907539671309,0.022829656755042012,0.2263152267467311,-0.5,-29.466934204101562,-0.11566645506680166
344,0.057824526597045074,0.0007261209394635682,0.03496907539671309,0.022855451200331986,0.22634513088014432,-0.5,-29.46965789794922,-0.1157111536863533
345,0.05784774035966594,0.0006533580368942051,0.03496907539671309,0.02287866496295285,0.2263733286919469,-0.5,-29.47211456298828,-0.11575136238379745
346,0.05786862564925817,0.0005877270116943722,0.03496907539671309,0.02289955025254508,0.22640073647329848,-0.5,-29.474334716796875,-0.1157875229386933
347,0.05788741113548881,0.0005285609853550215,0.03496907539671309,0.02291833573877572,0.22642777651531718,-0.5,-29.47633171081543,-0.11582003580647601
348,0.0579043040661325,0.00047525219937409965,0.03496907539671309,0.02293522866941941,0.22645454777868612,-0.5,-29.478134155273438,-0.1158492636728774
349,0.05791949215330293,0.0004272459980200164,0.03496907539671309,0.02295041675658984,0.22648095470876153,-0.5,-29.479761123657227,-0.1158755346936773
350,0.057933145275965735,0.00038403598200741713,0.03496907539671309,0.022964069879252647,0.22650680087184227,-0.5,-29.48122215270996,-0.11589914547369465
351,0.05794541703272738,0.0003451599795553928,0.03496907539671309,0.022976341636014294,0.22653185400189615,-0.5,-29.4825382232666,-0.11592036382119418
352,0.05795644616847981,0.0003101965793972683,0.03496907539671309,0.02298737077176672,0.22655588855920994,-0.5,-29.483726501464844,-0.11593943130168191
353,0.05796635789105334,0.00027876204762363355,0.03496907539671309,0.02299728249434025,0.22657871118840647,-0.5,-29.484786987304688,-0.11595656560706138
354,0.057975265088929806,0.00025050750935252627,0.03496907539671309,0.023006189692216718,0.22660017365079876,-0.5,-29.485746383666992,-0.11597196275120371
355,0.05798326945772572,0.00022511631996973902,0.03496907539671309,0.023014194061012634,0.22662017698353656,-0.5,-29.486608505249023,-0.11598579910024585
356,0.05799046254109581,0.00020230158188106257,0.03496907539671309,0.02302138714438272,0.22663866986332254,-0.5,-29.487380981445312,-0.11599823324465576
357,0.057996926690548734,0.00018180378398188713,0.03496907539671309,0.023027851293835645,0.22665564345926673,-0.5,-29.488075256347656,-0.11600940771974949
358,0.05800273594810898,0.00016338855469512145,0.03496907539671309,0.02303366055139589,0.22667112446441098,-0.5,-29.48870277404785,-0.11601945058151296
359,0.05800795685557532,0.0001468445274305964,0.03496907539671309,0.02303888145886223,0.226685167502503,-0.5,-29.489261627197266,-0.1160284768449885
360,0.058012649194151736,0.00013198132130431736,0.03496907539671309,0.023043573797438648,0.22669784771175414,-0.5,-29.48976707458496,-0.11603658979294511
361,0.05801686665834532,0.00011862764122041206,0.03496907539671309,0.023047791261632235,0.22670925400149194,-0.5,-29.490219116210938,-0.11604388216294526
362,0.05802065746816046,0.00010662950096287462,0.03496907539671309,0.02305158207144737,0.22671948324906635,-0.5,-29.49062728881836,-0.11605043722118419
363,0.05802406492372371,9.58485715132483e-05,0.03496907539671309,0.02305498952701062,0.22672863554053607,-0.5,-29.490991592407227,-0.11605632973158633
364,0.0580271279065238,8.616065493770126e-05,0.03496907539671309,0.02305805250981071,0.2267368104471089,-0.5,-29.49131965637207,-0.11606162682859457
365,0.058029881331436384,7.745428223511335e-05,0.03496907539671309,0.023060805934723295,0.2267441042587657,-0.5,-29.491615295410156,-0.11606638880189711
366,0.058032356553625354,6.962943173714097e-05,0.03496907539671309,0.023063281156912266,0.22675060805676633,-0.5,-29.491878509521484,-0.11607066980102654
367,0.05803458173427775,6.259636313252449e-05,0.03496907539671309,0.023065506337564663,0.22675640648951734,-0.5,-29.49211883544922,-0.11607451846736454
368,0.05803658216894813,5.6274561009497934e-05,0.03496907539671309,0.02306750677223504,0.22676157711458075,-0.5,-29.492332458496094,-0.1160779785006171
369,0.05803838058207314,5.05917809819238e-05,0.03496907539671309,0.023069305185360052,0.22676619017784388,-0.5,-29.492523193359375,-0.11608108916632039
370,0.05803999739097782,4.548319096373467e-05,0.03496907539671309,0.023070921994264734,0.22677030871517376,-0.5,-29.492698669433594,-0.11608388575040852
371,0.05804145094244404,4.0890599941909096e-05,0.03496907539671309,0.023072375545730953,0.22677398887875197,-0.5,-29.492855072021484,-0.1160863999663514
372,0.05804275772465597,3.676176662086059e-05,0.03496907539671309,0.02307368232794288,0.22677728040803863,-0.5,-29.492996215820312,-0.1160886603198549
373,0.05804393255708554,3.304978051934934e-05,0.03496907539671309,0.02307485716037245,0.2267802271821285,-0.5,-29.493122100830078,-0.1160906924356266
374,0.05804498876063779,2.971250844623649e-05,0.03496907539671309,0.0230759133639247,0.22678286780551654,-0.5,-29.493236541748047,-0.11609251935025013
375,0.05804593831014572,2.6712099719844186e-05,0.03496907539671309,0.02307686291343263,0.22678523619244956,-0.5,-29.493335723876953,-0.11609416177478538
376,0.05804679197108987,2.4014543990536893e-05,0.03496907539671309,0.02307771657437678,0.2267873621259856,-0.5,-29.493425369262695,-0.11609563833032341
377,0.05804755942221941,2.1589276047130893e-05,0.03496907539671309,0.023078484025506323,0.22678927177666022,-0.5,-29.493511199951172,-0.11609696575937072
378,0.058048249365571916,1.9408822511839807e-05,0.03496907539671309,0.023079173968858828,0.22679098817237767,-0.5,-29.49358367919922,-0.11609815911562194
379,0.058048869625225465,1.7448485838134117e-05,0.03496907539671309,0.023079794228512376,0.2267925316162733,-0.5,-29.493648529052734,-0.11609923193439638
380,0.05804942723597054,1.5686061509207015e-05,0.03496907539671309,0.023080351839257454,0.22679392005279309,-0.5,-29.493709564208984,-0.11610019638576162
381,0.058049928522958635,1.4101584784123729e-05,0.03496907539671309,0.023080853126245547,0.2267951693846524,-0.5,-29.493762969970703,-0.11610106341214456
382,0.058050379173268114,1.2677103749995471e-05,0.03496907539671309,0.023081303776555026,0.22679629374477348,-0.5,-29.49380874633789,-0.1161018428520332
383,0.05805078430022504,1.1396475809961766e-05,0.03496907539671309,0.023081708903511952,0.2267973057280786,-0.5,-29.493854522705078,-0.1161025435511975
384,0.05805114850122536,1.0245185069162738e-05,0.03496907539671309,0.02308207310451227,0.22679821658820487,-0.5,-29.493894577026367,-0.11610317346270449
385,0.05805147590972445,9.21017837565912e-06,0.03496907539671309,0.02308240051301136,0.22679903640413013,-0.5,-29.493928909301758,-0.11610373973686677
386,0.058051770241988765,8.279718033324911e-06,0.03496907539671309,0.023082694845275677,0.2267997742213457,-0.5,-29.49395751953125,-0.11610424880214351
387,0.05805203483914134,7.443249432033174e-06,0.03496907539671309,0.023082959442428254,0.22680043817173517,-0.5,-29.493988037109375,-0.11610470643790687
388,0.05805227270497698,6.691282040314853e-06,0.03496907539671309,0.023083197308263893,0.22680103557582,-0.5,-29.4940128326416,-0.11610511783989162
389,0.05805248653997395,6.015282380530592e-06,0.03496907539671309,0.02308341114326086,0.22680157303043139,-0.5,-29.494037628173828,-0.1161054876790639
390,0.05805267877188469,5.407577759302593e-06,0.03496907539671309,0.023083603375171603,0.22680205648446025,-0.5,-29.494056701660156,-0.11610582015456809
391,0.05805285158324912,4.861269659662909e-06,0.03496907539671309,0.02308377618653603,0.22680249130478977,-0.5,-29.494075775146484,-0.11610611904134564
392,0.05805300693613935,4.370155818545926e-06,0.03496907539671309,0.023083931539426263,0.22680288233413903,-0.5,-29.49409294128418,-0.11610638773295986
393,0.05805314659441337,3.928660116229457e-06,0.03496907539671309,0.023084071197700284,0.22680323394222654,-0.5,-29.494108200073242,-0.11610662928010657
394,0.05805327214372743,3.531769495028725e-06,0.03496907539671309,0.02308419674701434,0.22680355007132705,-0.5,-29.494117736816406,-0.11610684642524366
395,0.05805338500953184,3.174977204891881e-06,0.03496907539671309,0.02308430961281875,0.22680383427709924,-0.5,-29.49413299560547,-0.11610704163372833
396,0.058053486473252564,2.8542317446839237e-06,0.03496907539671309,0.023084411076539475,0.22680408976536487,-0.5,-29.494144439697266,-0.11610721712181309
397,0.05805357768684065,2.5658909313796775e-06,0.03496907539671309,0.02308450229012756,0.22680431942536666,-0.5,-29.494152069091797,-0.11610737488181595
398,0.058053659685853486,2.3066805860243306e-06,0.03496907539671309,0.023084584289140397,0.22680452585992916,-0.5,-29.49416160583496,-0.11610751670474911
399,0.05805373340121556,2.0736573760141045e-06,0.03496907539671309,0.02308465800450247,0.2268047114128654,-0.5,-29.494171142578125,-0.11610764420066198
400,0.058138038450520325,0.00792430658674292,0.055616533327185316,0.002521505123335009,-1.9188326837514094,-0.5,-29.494176864624023,-0.11675659727968257
401,0.05853783409621708,0.018688943801732007,0.055616533327185316,0.0029213007690317636,-0.46458205021581883,-0.5,-27.34002685546875,-0.11840991102821752
402,0.05930501075062762,0.02951523025086276,0.055616533327185316,0.0036884774234423046,0.3260709271347082,-0.5,-27.025924682617188,-0.12085295966820891
403,0.06041806902553097,0.03890834683788088,0.055616533327185316,0.004801535698345655,0.7166597730817075,-0.5,-26.71072006225586,-0.12389461366785934
404,0.06181785976220719,0.0461845351075144,0.055616533327185316,0.006201326435021873,0.8682751948459358,-0.5,-26.438079833984375,-0.12734473701646634
405,0.06343000248265845,0.051161146544343596,0.055616533327185316,0.007813469155473138,0.8808807149934885,-0.5,-26.22789764404297,-0.13103020501298535
406,0.06517855182513142,0.05395171988481535,0.055616533327185316,0.009562018497946106,0.8171086748812189,-0.5,-26.085372924804688,-0.13480323898697658
407,0.06699386107606106,0.05483012728251307,0.055616533327185316,0.011377327748875746,0.7162323810823623,-0.5,-26.007049560546875,-0.13854453776717743
408,0.06881660556011268,0.05414139839647147,0.055616533327185316,0.013200072232927365,0.6025779371160406,-0.5,-25.98479461669922,-0.14216302552410057
409,0.07059930442802212,0.05224469435341409,0.055616533327185316,0.014982771100836803,0.49074116921749295,-0.5,-26.00908851623535,-0.14559354244162437
410,0.07230626750354485,0.04947861420421584,0.055616533327185316,0.016689734176359536,0.38892735798052674,-0.5,-26.068574905395508,-0.14879342879282323
411,0.07391261129566833,0.04614196639662401,0.055616533327185316,0.01829607796848301,0.3011541625236301,-0.5,-26.15328598022461,-0.1517386647032913
412,0.07540278835202423,0.042485082428161555,0.055616533327185316,0.01978625502483891,0.22874020194806144,-0.5,-26.254432678222656,-0.15442000788181243
413,0.07676892982678918,0.038708099023110454,0.055616533327185316,0.021152396499603862,0.17132639045722048,-0.5,-26.364665985107422,-0.1568394060794988
414,0.07800919615916471,0.03496361236504156,0.055616533327185316,0.022392662831979396,0.1275797853841914,-0.5,-26.478126525878906,-0.15900683926895703
415,0.07912625466523995,0.0313618371387584,0.055616533327185316,0.023509721338054637,0.09567492154418529,-0.5,-26.59034538269043,-0.16093765969349308
416,0.0801259484864013,0.027976955863257803,0.055616533327185316,0.02450941515921598,0.07361596719158635,-0.5,-26.698410034179688,-0.16265043858712683
417,0.0810161834993551,0.024853764096760166,0.055616533327185316,0.025399650172169788,0.059444007746778195,-0.5,-26.800493240356445,-0.16416529021650203
418,0.08180603449201866,0.022014033866509602,0.055616533327185316,0.026189501164833345,0.05136166620933077,-0.5,-26.89458656311035,-0.16550262167002638
419,0.08250505601218086,0.019462252508671434,0.055616533327185316,0.026888522684995544,0.04779907226482128,-0.5,-26.980079650878906,-0.1666822461699575
420,0.08312277430907272,0.017190563775629053,0.055616533327185316,0.027506240981887406,0.04743928870938665,-0.5,-27.056869506835938,-0.16772279510381877
421,0.08366833273275251,0.01518285633857917,0.055616533327185316,0.028051799405567193,0.0492168437283666,-0.5,-27.125215530395508,-0.16864136670611377
422,0.08415026227932533,0.013418023179454496,0.055616533327185316,0.028533728952140014,0.05229954514454104,-0.5,-27.185617446899414,-0.1694533552641962
423,0.08457635047504275,0.01187246343871722,0.055616533327185316,0.028959817147857433,0.056061013692779944,-0.5,-27.238723754882812,-0.1701724123177388
424,0.08495358458020781,0.010521924011003533,0.055616533327185316,0.029337051253022495,0.06004921264649021,-0.5,-27.285240173339844,-0.17081049946613086
425,0.08528814850987973,0.009342788012930441,0.055616533327185316,0.029671615182694414,0.06395456570755795,-0.5,-27.325904846191406,-0.17137800035007789
426,0.08558545645487313,0.008312916311958744,0.055616533327185316,0.029968923127687813,0.06757996314140827,-0.5,-27.36142349243164,-0.17188386667033762
427,0.08585020964058651,0.007412140566779917,0.055616533327185316,0.030233676313401195,0.0708139897828145,-0.5,-27.39246368408203,-0.1723357794952254
428,0.08608646579835498,0.006622494662985209,0.055616533327185316,0.030469932471169664,0.07360800820176744,-0.5,-27.41962432861328,-0.1727403124876277
429,0.08629771364760135,0.005928258184689325,0.055616533327185316,0.03068118032041603,0.07595724327904704,-0.5,-27.443450927734375,-0.17310308805368352
430,0.086486946962781,0.005315872129829328,0.055616533327185316,0.030870413635595687,0.07788569446696154,-0.5,-27.464405059814453,-0.17342892084723313
431,0.08665673463489323,0.004773774417828937,0.055616533327185316,0.031040201307707918,0.07943450932716391,-0.5,-27.482900619506836,-0.17372194566279014
432,0.08680928456756441,0.004292191419122856,0.055616533327185316,0.031192751240379096,0.08065335311611996,-0.5,-27.499279022216797,-0.17398572863875617
433,0.0869465003214779,0.003862912030467544,0.055616533327185316,0.03132996699429258,0.08159427684825328,-0.5,-27.513835906982422,-0.17422336199839264
434,0.08707003019347026,0.003479062796527357,0.055616533327185316,0.031453496866284944,0.0823075985858698,-0.5,-27.526813507080078,-0.17443754339875928
435,0.08718130894345738,0.003134896169261275,0.055616533327185316,0.031564775616272064,0.08283935280298999,-0.5,-27.538421630859375,-0.17463064144536494
436,0.08728159271551658,0.0028255990516135574,0.055616533327185316,0.031665059388331265,0.08322991791459612,-0.5,-27.5488338470459,-0.17480474915567304
437,0.08737198788525541,0.0025471250971772007,0.055616533327185316,0.03175545455807009,0.08351349336208432,-0.5,-27.558189392089844,-0.1749617271951085
438,0.08745347464363422,0.002296051624168732,0.055616533327185316,0.0318369413164489,0.08371815877228143,-0.5,-27.56661033630371,-0.17510323862685567
439,0.08752692613031957,0.0020694602457685687,0.055616533327185316,0.03191039280313425,0.0838663046779609,-0.5,-27.57420539855957,-0.17523077675961293
440,0.08759312388343816,0.0018648392314255106,0.055616533327185316,0.03197659055625285,0.08397527482092243,-0.5,-27.581058502197266,-0.1753456874815662
441,0.0876527702973053,0.001680005029768928,0.055616533327185316,0.03203623697011998,0.08405810311508631,-0.5,-27.587249755859375,-0.17544918725996617
442,0.08770649869016443,0.001513040163632522,0.055616533327185316,0.03208996536297912,0.08412426375371118,-0.5,-27.59284210205078,-0.17554237778136964
443,0.08775488149073613,0.001362244737405977,0.055616533327185316,0.03213834816355081,0.08418038109569007,-0.5,-27.59788703918457,-0.17562625801891424
444,0.08779843696249692,0.0012260989866017325,0.055616533327185316,0.03218190363531161,0.0842308675937571,-0.5,-27.602449417114258,-0.17570173434608474
445,0.0878376348024557,0.0011032345806803044,0.055616533327185316,0.03222110147527038,0.08427847403375004,-0.5,-27.606565475463867,-0.1757696291739042
446,0.08787290087909565,0.0009924127126454602,0.055616533327185316,0.03225636755191033,0.08432474768974271,-0.5,-27.610280990600586,-0.17583068847046351
447,0.08790462131297551,0.000892507337614155,0.055616533327185316,0.03228808798579019,0.08437040158401705,-0.5,-27.613630294799805,-0.1758855884267116
448,0.08793314605309976,0.0008024922344230602,0.055616533327185316,0.03231661272591445,0.08441560271250176,-0.5,-27.616647720336914,-0.17593494145804495
449,0.08795879206180625,0.0007214308455527636,0.055616533327185316,0.03234225873462093,0.08446018958642913,-0.5,-27.61937141418457,-0.17597930167459663
450,0.08798184618944865,0.0006484680943042366,0.055616533327185316,0.03236531286226334,0.08450383036405607,-0.5,-27.6218204498291,-0.17601916991125494
451,0.08800256779627758,0.0005828235822045622,0.055616533327185316,0.03238603446909226,0.08454613270049811,-0.5,-27.6240234375,-0.1760549983784943
452,0.0880211911613369,0.0005237857352869887,0.055616533327185316,0.032404657834151585,0.08458671561973419,-0.5,-27.626008987426758,-0.17608719497449749
453,0.08803792770564833,0.0004707065984538467,0.055616533327185316,0.03242139437846302,0.08462525250722526,-0.5,-27.627792358398438,-0.1761161272855308
454,0.08805296804834514,0.00042299707695850385,0.055616533327185316,0.032436434721159826,0.08466149294918612,-0.5,-27.629398345947266,-0.17614212629323503
455,0.08806648390877084,0.000380122497924359,0.055616533327185316,0.03244995058158552,0.08469526975582561,-0.5,-27.630840301513672,-0.1761654898028636
456,0.08807862986408208,0.00034159841750641543,0.055616533327185316,0.03246209653689676,0.08472649619726373,-0.5,-27.63213348388672,-0.1761864856043507
457,0.08808954496993833,0.00030698663520985637,0.055616533327185316,0.032473011642753014,0.08475515731041126,-0.5,-27.633298873901367,-0.1762053543774934
458,0.08809935425091896,0.00027589139992357256,0.055616533327185316,0.03248282092373364,0.08478129813004708,-0.5,-27.63434600830078,-0.17622231235281471
459,0.0881081700669992,0.0002479558057399443,0.055616533327185316,0.03249163673981388,0.08480501086484435,-0.5,-27.635284423828125,-0.17623755374036565
460,0.08811609336245939,0.00022285838236147447,0.055616533327185316,0.03249956003527407,0.08482642237237199,-0.5,-27.636131286621094,-0.17625125293949706
461,0.08812321480380227,0.00020030988702967144,0.055616533327185316,0.03250668147661695,0.08484568277050514,-0.5,-27.636886596679688,-0.1762635665432989
462,0.08812961581348146,0.0001800503041412122,0.055616533327185316,0.03251308248629614,0.08486295563679476,-0.5,-27.637569427490234,-0.17627463515184916
463,0.08813536950642158,0.0001618460562992535,0.055616533327185316,0.03251883617923626,0.08487840997059008,-0.5,-27.638181686401367,-0.17628458500859823
464,0.08814054153639507,0.0001454874273846071,0.055616533327185316,0.032524008209209754,0.08489221390440663,-0.5,-27.63873291015625,-0.17629352947413288
465,0.08814519085929617,0.00013078619493477045,0.055616533327185316,0.03252865753211086,0.08490453003178723,-0.5,-27.63922691345215,-0.1763015703512402
466,0.08814937042022121,0.0001175734660775104,0.055616533327185316,0.03253283709303589,0.08491551215190485,-0.5,-27.63966941833496,-0.17630879907467134
467,0.0881531277710364,0.00010569770870032537,0.055616533327185316,0.03253659444385108,0.08492530320204801,-0.5,-27.640071868896484,-0.17631529777832303
468,0.0881565056248094,9.50229675469126e-05,0.055616533327185316,0.03253997229762408,0.08493403414618961,-0.5,-27.640430450439453,-0.17632114025176912
469,0.0881595423531165,8.54272535325575e-05,0.055616533327185316,0.032543009025931185,0.08494182360190129,-0.5,-27.640750885009766,-0.17632639279721676
470,0.08816227243183476,7.680109372400624e-05,0.055616533327185316,0.032545739104649446,0.08494877801183551,-0.5,-27.64103889465332,-0.176331114997074
471,0.08816472684060306,6.904622906711932e-05,0.055616533327185316,0.03254819351341774,0.08495499219473439,-0.5,-27.641300201416016,-0.17633536040142775
472,0.08816693342070563,6.207444698357678e-05,0.055616533327185316,0.03255040009352031,0.08496055014065149,-0.5,-27.641536712646484,-0.176339177143863
473,0.08816891719570558,5.5806536309442664e-05,0.055616533327185316,0.03255238386852026,0.08496552594365953,-0.5,-27.641746520996094,-0.17634260849322655
474,0.08817070065874599,5.017135263118629e-05,0.055616533327185316,0.03255416733156068,0.08496998479098052,-0.5,-27.641937255859375,-0.17634569334816397
475,0.08817230403004696,4.510498281500253e-05,0.055616533327185316,0.03255577070286164,0.08497398394976344,-0.5,-27.642107009887695,-0.17634846668053564
476,0.08817374548776478,4.054999836084141e-05,0.055616533327185316,0.03255721216057947,0.08497757371113951,-0.5,-27.64225959777832,-0.17635095993316544
477,0.08817504137504523,3.645478809227813e-05,0.055616533327185316,0.03255850804785991,0.0849807982660611,-0.5,-27.642396926879883,-0.1763532013767755
478,0.08817620638579848,3.2772961578437396e-05,0.055616533327185316,0.03255967305861317,0.08498369649879306,-0.5,-27.642520904541016,-0.17635521643042915
479,0.08817725373144791,2.9462815544568926e-05,0.055616533327185316,0.0325607204042626,0.08498630269255188,-0.5,-27.64263343811035,-0.17635702794932248
480,0.08817819529065796,2.6486856344258827e-05,0.055616533327185316,0.03256166196347264,0.08498864714766534,-0.5,-27.642730712890625,-0.17635865648334317
481,0.08817904174382538,2.3811372324989402e-05,0.055616533327185316,0.03256250841664006,0.08499075671682155,-0.5,-27.642822265625,-0.17636012050943442
482,0.08817980269392252,2.140605061312887e-05,0.055616533327185316,0.0325632693667372,0.08499265526426722,-0.5,-27.64290428161621,-0.17636143664047282
483,0.08818048677510676,1.9243633471867615e-05,0.055616533327185316,0.03256395344792144,0.08499436405721811,-0.5,-27.642974853515625,-0.17636261981307136
484,0.08818110175035672,1.7299609946688245e-05,0.055616533327185316,0.0325645684231714,0.08499590209804064,-0.5,-27.64303970336914,-0.17636368345646075
485,0.0881816545992597,1.555193901088739e-05,0.055616533327185316,0.03256512127207438,0.08499728640561538,-0.5,-27.64310073852539,-0.17636463964437293
486,0.08818215159695461,1.3980800862707504e-05,0.055616533327185316,0.032565618269769295,0.08499853225372488,-0.5,-27.64315414428711,-0.17636549923164727
487,0.08818259838512817,1.2568373411199347e-05,0.055616533327185316,0.03256606505794285,0.0849996533734881,-0.5,-27.64320182800293,-0.17636627197710045
488,0.08818300003586822,1.1298631325390324e-05,0.055616533327185316,0.032566466708682906,0.0850006621259768,-0.5,-27.643245697021484,-0.17636696665404278
489,0.0881833611090945,1.0157165316644137e-05,0.055616533327185316,0.03256682778190918,0.0850015696502946,-0.5,-27.643280029296875,-0.1763675911496811
490,0.08818368570421278,9.131019581843393e-06,0.055616533327185316,0.03256715237702747,0.08500238599146553,-0.5,-27.64331817626953,-0.17636815255452296
491,0.08818397750657275,8.208545560964402e-06,0.055616533327185316,0.032567444179387436,0.08500312021176264,-0.5,-27.643346786499023,-0.17636865724278353
492,0.08818423982925104,7.379270360356114e-06,0.055616533327185316,0.032567706502065724,0.08500378048838458,-0.5,-27.643375396728516,-0.17636911094469837
493,0.08818447565062779,6.6337783668925224e-06,0.055616533327185316,0.03256794232344247,0.08500437419985024,-0.5,-27.64339828491211,-0.17636951881155066
494,0.08818468764817876,5.963604731470093e-06,0.055616533327185316,0.03256815432099344,0.08500490800291559,-0.5,-27.643421173095703,-0.1763698854741451
495,0.08818487822886245,5.361139535823311e-06,0.055616533327185316,0.032568344901677135,0.0850053879015164,-0.5,-27.643444061279297,-0.17637021509538536
496,0.08818504955644355,4.819541576818809e-06,0.055616533327185316,0.03256851622925823,0.08500581930887605,-0.5,-27.643461227416992,-0.17637051141754703
497,0.08818520357606052,4.332660809554868e-06,0.055616533327185316,0.032568670248875206,0.08500620710364881,-0.5,-27.643478393554688,-0.1763707778047785
498,0.08818534203631423,3.8949685861477015e-06,0.055616533327185316,0.03256880870912891,0.08500655568085796,-0.5,-27.64349365234375,-0.17637101728131147
499,0.0881854665091265,3.5014949126600555e-06,0.055616533327185316,0.03256893318194118,0.08500686899817705,-0.5,-27.643503189086914,-0.1763712325658109
500,0.08805554513486998,-0.012226149777131849,0.023744555778461844,0.06431098935640814,3.3970716397332756,-0.5,-27.643516540527344,-0.17659247638434003
501,0.0874386022587668,-0.02884334519899789,0.023744555778461844,0.06369404648030497,1.1522512994255372,-0.5,-30.986698150634766,-0.17570242890138033
502,0.0862545406151761,-0.04555564256425964,0.023744555778461844,0.06250998483671424,-0.06822170193105212,-0.5,-31.48556900024414,-0.17360280171497444
503,0.08453654920948636,-0.06005560467835679,0.023744555778461844,0.06079199343102452,-0.6711448747606129,-0.5,-31.986072540283203,-0.17035788724720083
504,0.08237593405814297,-0.07128776898035002,0.023744555778461844,0.05863137827968113,-0.9051822109702675,-0.5,-32.41871643066406,-0.16615564141396005
505,0.07988751247775772,-0.07897019927531003,0.023744555778461844,0.05614295669929587,-0.9246401183920695,-0.5,-32.759132385253906,-0.16123511333889567
506,0.07718851722162541,-0.08327816155751662,0.023744555778461844,0.053443961443163567,-0.8261995787650549,-0.5,-32.97021484375,-0.15584194726499437
507,0.07438645813418579,-0.08463441638803591,0.023744555778461844,0.050641902355723946,-0.6704839328757695,-0.5,-33.07969284057617,-0.15020257800033374
508,0.07157291155131515,-0.08357156457848491,0.023744555778461844,0.047828355772853305,-0.4950436127305411,-0.5,-33.100852966308594,-0.14451085474868391
509,0.06882117124033234,-0.0806440202898066,0.023744555778461844,0.045076615461870494,-0.32240913001030247,-0.5,-33.05011749267578,-0.1389228031841722
510,0.06618633046026934,-0.07637445717225079,0.023744555778461844,0.042441774681807494,-0.16524637662466338,-0.5,-32.94499206542969,-0.13355654299908823
511,0.06370680088276444,-0.07122412672124137,0.023744555778461844,0.039962245104302595,-0.029757118334079288,-0.5,-32.80119323730469,-0.12849527852408604
512,0.06140658273164378,-0.06557944982587198,0.023744555778461844,0.03766202695318194,0.08202319045517081,-0.5,-32.63220977783203,-0.1237919198034605
513,0.05929782324873627,-0.059749365117631126,0.023744555778461844,0.03555326747027442,0.17064884604834288,-0.5,-32.44968032836914,-0.11947435527044659
514,0.057383362639113485,-0.05396942614022796,0.023744555778461844,0.03363880686065164,0.23817741652601623,-0.5,-32.26286697387695,-0.11555073597561558
515,0.0556590841086039,-0.04840976500888728,0.023744555778461844,0.03191452833014206,0.28742674096586057,-0.5,-32.07878875732422,-0.11201437793714258
516,0.05411596851743871,-0.043184893433017735,0.023744555778461844,0.030371412738976866,0.3214776407624135,-0.5,-31.9061222076416,-0.10884806611536312
517,0.052741812581797,-0.03836396045306704,0.023744555778461844,0.028997256803335154,0.3433539508436353,-0.5,-31.746479034423828,-0.10602766725060563
518,0.051522608610029365,-0.03398057521968469,0.023744555778461844,0.02777805283156752,0.3558301522249241,-0.5,-31.599523544311523,-0.10352504200927534
519,0.05044360829992103,-0.030041665637321583,0.023744555778461844,0.02669905252145919,0.36132954031326847,-0.5,-31.466121673583984,-0.10131029957159982
520,0.04949010699555884,-0.026535105604651686,0.023744555778461844,0.025745551217097,0.36188497599711317,-0.5,-31.34735870361328,0.0006465320330119179
521,0.04864799106213201,-0.023436026149894592,0.023744555778461844,0.024903435283670165,0.35914115127018914,-0.5,-31.241676330566406,0.0023743325016681027
522,0.04790409208185142,-0.020711846727191705,0.023744555778461844,0.024159536303389573,0.3543826612607,-0.5,-31.148277282714844,0.0039001224802181766
523,0.04724638925096785,-0.018326137146216705,0.023744555778461844,0.023501833472506006,0.34857640262295275,-0.5,-31.066152572631836,0.005248617471637032
524,0.04666409705441997,-0.016241460317672308,0.023744555778461844,0.022919541275958126,0.3424201520684258,-0.5,-30.99419403076172,0.006442025071824328
525,0.04614767002150141,-0.014421361174768678,0.023744555778461844,0.022403114243039562,0.3363917804638755,-0.5,-30.931270599365234,0.007500018931177313
526,0.04568875082971463,-0.012831665686833107,0.023744555778461844,0.021944195051252786,0.33079555218225687,-0.5,-30.87628173828125,0.008439834248015879
527,0.045280082692226005,-0.011441241935947177,0.023744555778461844,0.02153552691376416,0.32580345108584846,-0.5,-30.828208923339844,0.009276440656239254
528,0.04491540212172803,-0.010222357372812513,0.023744555778461844,0.021170846343266186,0.3214905555789657,-0.5,-30.786113739013672,0.010022758458401296
529,0.04458932395932201,-0.00915074592565174,0.023744555778461844,0.020844768180860167,0.31786423697539484,-0.5,-30.74917221069336,0.010689892947479407
530,0.044297227044167255,-0.00820547790047525,0.023744555778461844,0.02055267126570541,0.3148874493465188,-0.5,-30.716663360595703,0.011287368931796493
531,0.044035146065884975,-0.007368706070215267,0.023744555778461844,0.02029059028742313,0.3124966764476859,-0.5,-30.687959671020508,0.011823353543001583
532,0.043799672933957555,-0.006625343877605426,0.023744555778461844,0.02005511715549571,0.31061525386360317,-0.5,-30.662527084350586,0.01230486007013204
533,0.04358786934086299,-0.005962716694900481,0.023744555778461844,0.019843313562401148,0.3091628344353717,-0.5,-30.63991928100586,0.01273792907662355
534,0.04339719100316119,-0.005370214698330605,0.023744555778461844,0.019652635224699344,0.3080617460156717,-0.5,-30.619752883911133,0.013127785596462896
535,0.043225423251497794,-0.0048389660221299854,0.023744555778461844,0.01948086747303595,0.3072409287021559,-0.5,-30.601713180541992,0.013478972947561313
536,0.043070627126210875,-0.004361541223706235,0.023744555778461844,0.01932607134774903,0.3066380534224935,-0.5,-30.585535049438477,0.013795464811679856
537,0.042931094848412094,-0.003931694418939546,0.023744555778461844,0.01918653906995025,0.30620032912115885,-0.5,-30.570995330810547,0.014080757860027618
538,0.04280531341595356,-0.0035441424125902277,0.023744555778461844,0.019060757637491717,0.3058844114414672,-0.5,-30.557899475097656,0.014337947479921911
539,0.04269193506920009,-0.003194380437742316,0.023744555778461844,0.018947379290738246,0.3056557378549958,-0.5,-30.546091079711914,0.014569789186466175
540,0.0425897534428512,-0.002878531439583056,0.023744555778461844,0.018845197664389357,0.30548753618632685,-0.5,-30.53544044494629,0.014778748168667338
541,0.04249768433628653,-0.0025932249374070277,0.023744555778461844,0.018753128557824683,0.3053596870178536,-0.5,-30.525821685791016,0.014967039187121278
542,0.04241475017311896,-0.0023355011589184715,0.023744555778461844,0.018670194394657114,0.30525756580486463,-0.5,-30.517131805419922,0.015136658758983734
543,0.042340067364565685,-0.0021027361867685373,0.023744555778461844,0.01859551158610384,0.30517094707661974,-0.5,-30.50928497314453,0.015289411270083486
544,0.042272835929983515,-0.0018925841500441927,0.023744555778461844,0.01852828015152167,0.3050930197138305,-0.5,-30.502201080322266,0.015426930367112943
545,0.04221233085472879,-0.0017029329274244143,0.023744555778461844,0.018467775076266943,0.3050195375850747,-0.5,-30.495805740356445,0.015550696719425938
546,0.042157894776795775,-0.0015318703264884362,0.023744555778461844,0.01841333899833393,0.3049481123267297,-0.5,-30.490036010742188,0.01566205300801704
547,0.04210893168811867,-0.0013776582110401599,0.023744555778461844,0.018364375909656824,0.304877643343788,-0.5,-30.484830856323242,0.015762216801887774
548,0.04206490141419512,-0.0012387125297026586,0.023744555778461844,0.018320345635733273,0.30480787289776873,-0.5,-30.480138778686523,0.015852291819048195
549,0.04202531469799205,-0.001113587633133742,0.023744555778461844,0.018280758919530203,0.30473905030396853,-0.5,-30.475915908813477,0.015933277938562307
550,0.04198972876267399,-0.001000963643322728,0.023744555778461844,0.018245172984212146,0.304671687835437,-0.5,-30.47211265563965,0.016006080227803948
551,0.04195774326454553,-0.0008996359533936105,0.023744555778461844,0.018213187486083686,0.3046063911561899,-0.5,-30.468698501586914,0.016071517171367733
552,0.041928996574747954,-0.0008085061920686207,0.023744555778461844,0.01818444079628611,0.30454374837792614,-0.5,-30.465625762939453,0.016130328230698238
553,0.04190316234761178,-0.0007265741884872701,0.023744555778461844,0.018158606569149936,0.30448426369579973,-0.5,-30.462867736816406,0.01618318082248825
554,0.04187994634686163,-0.0006529306271718259,0.023744555778461844,0.018135390568399787,0.3044283236769557,-0.5,-30.460386276245117,0.016230676775668307
555,0.04185908350958254,-0.0005867501969760422,0.023744555778461844,0.018114527731120697,0.30437618641955494,-0.5,-30.45815658569336,0.016273358308265207
556,0.041840335233224044,-0.0005272851191832606,0.023744555778461844,0.0180957794547622,0.30432798581968123,-0.5,-30.45615005493164,0.016311713553951265
557,0.04182348687393856,-0.0004738589953496251,0.023744555778461844,0.018078931095476716,0.3042837449904725,-0.5,-30.454347610473633,0.016346181661640896
558,0.04180834544600396,-0.0004258609510585491,0.023744555778461844,0.018063789667542116,0.30424339442915205,-0.5,-30.45273208618164,0.01637715748837376
559,0.04179473751255787,-0.00038274007261173256,0.023744555778461844,0.018050181734096025,0.3042067918126011,-0.5,-30.451278686523438,0.01640499590469978
560,0.04178250725780473,-0.00034400014406936637,0.023744555778461844,0.01803795147934289,0.30417374133144726,-0.5,-30.449970245361328,0.01643001573194021
561,0.04177151473054729,-0.00030919469534726804,0.023744555778461844,0.018026958952085448,0.3041440112699158,-0.5,-30.44879722595215,0.016452503331395488
562,0.04176163424854154,-0.0002779223708892518,0.023744555778461844,0.018017078470079696,0.30411734913447813,-0.5,-30.447742462158203,0.016472715866378218
563,0.04175275295290042,-0.00024982262470178387,0.023744555778461844,0.018008197174438578,0.304093494061436,-0.5,-30.446794509887695,0.01649088425860519
564,0.04174476950164109,-0.00022457174265494315,0.023744555778461844,0.018000213723179247,0.3040721865243236,-0.5,-30.445945739746094,0.0165072158608444
565,0.041737592891507976,-0.00020187918786473418,0.023744555778461844,0.01799303711304613,0.304053175546034,-0.5,-30.445178985595703,0.016521896867723943
566,0.04173114139740735,-0.00018148426027699366,0.023744555778461844,0.017986585618945505,0.3040362237240047,-0.5,-30.444490432739258,0.01653509448627208
567,0.04172534161913999,-0.00016315305761302617,0.023744555778461844,0.017980785840678144,0.3040211104217675,-0.5,-30.44387435913086,0.01654695888710675
568,0.041720127625590096,-0.00014667572176492357,0.023744555778461844,0.017975571847128252,0.3040076334846419,-0.5,-30.443317413330078,0.016557624956281464
569,0.041715440187090246,-0.00013186395256850104,0.023744555778461844,0.0179708844086284,0.30399560981570184,-0.5,-30.44281768798828,0.01656721386669094
570,0.041711226087304494,-0.00011854876957527562,0.023744555778461844,0.01796667030884265,0.30398487511110184,-0.5,-30.442371368408203,0.016575834486698
571,0.04170743750662704,-0.00010657850188564588,0.023744555778461844,0.017962881728165195,0.30397528300959736,-0.5,-30.44196319580078,0.016583584642329105
572,0.04170403146975953,-9.581698616389651e-05,0.023744555778461844,0.01795947569129769,0.3039667038650367,-0.5,-30.441604614257812,0.01659055224804025
573,0.041700969350786696,-8.614195349836814e-05,0.023744555778461844,0.01795641357232485,0.30395902330665703,-0.5,-30.44127655029297,0.016596816319724525
574,0.04169821642970362,-7.74435866695162e-05,0.023744555778461844,0.01795366065124178,0.303952140712255,-0.5,-30.440982818603516,0.016602447882342358
575,0.0416957414949478,-6.962323053135633e-05,0.023744555778461844,0.017951185716485955,0.30394596768501747,-0.5,-30.440719604492188,0.016607510783333668
576,0.04169351648704909,-6.259223950137723e-05,0.023744555778461844,0.017948960708587244,0.303940426596259,-0.5,-30.44048500061035,0.016612062421825474
577,0.04169151617902604,-5.6270947512187995e-05,0.023744555778461844,0.017946960400564198,0.30393544923349836,-0.5,-30.440271377563477,0.016616154402595368
578,0.041689717889627075,-5.0587747143977656e-05,0.023744555778461844,0.01794516211116523,0.30393097557559884,-0.5,-30.440082550048828,0.016619833122787614
579,0.041688101225940064,-4.5478265985364485e-05,0.023744555778461844,0.01794354544747822,0.30392695270357195,-0.5,-30.43990707397461,0.016623140298507616
580,0.04168664785227527,-4.0884629530045115e-05,0.023744555778461844,0.017942092073813427,0.30392333384635567,-0.5,-30.43975257873535,0.016626113437637757
581,0.041685341282566936,-3.6754801088012604e-05,0.023744555778461844,0.017940785504105092,0.3039200775546401,-0.5,-30.439613342285156,0.016628786264520065
582,0.04168416669384192,-3.304199026185797e-05,0.023744555778461844,0.01793961091538008,0.30391714699201716,-0.5,-30.43948745727539,0.01663118910152807
583,0.04168311075857219,-2.970412250717629e-05,0.023744555778461844,0.017938554980110342,0.30391450933081954,-0.5,-30.439376831054688,0.016633349212000006
584,0.04168216149396527,-2.670336316220777e-05,0.023744555778461844,0.017937605715503423,0.30391213523936544,-0.5,-30.439273834228516,0.016635291108518288
585,0.04168130812645726,-2.4005690100368406e-05,0.023744555778461844,0.017936752347995417,0.3039099984476386,-0.5,-30.439184188842773,0.016637036830088464
586,0.041680540969857974,-2.1580509837129166e-05,0.023744555778461844,0.01793598519139613,0.3039080753793334,-0.5,-30.439104080200195,0.016638606191391486
587,0.041679851315762434,-1.940031251770617e-05,0.023744555778461844,0.01793529553730059,0.303906344839369,-0.5,-30.439027786254883,0.0166400170069448
588,0.0416792313349881,-1.7440361733132908e-05,0.023744555778461844,0.017934675556526253,0.3039047877474332,-0.5,-30.438962936401367,0.0166412852927115
589,0.04167867398892586,-1.5678415567801204e-05,0.023744555778461844,0.017934118210464013,0.3039033869094242,-0.5,-30.43890380859375,0.01664242544743215
590,0.041678172949807524,-1.4094475679813648e-05,0.023744555778461844,0.01793361717134568,0.30390212682003936,-0.5,-30.43885040283203,0.016643450415719296
591,0.041677722528994286,-1.267056156385123e-05,0.023744555778461844,0.017933166750532442,0.30390099349092714,-0.5,-30.43880271911621,0.016644371834746485
592,0.04167731761248137,-1.1390507451749352e-05,0.023744555778461844,0.017932761834019526,0.3038999742999131,-0.5,-30.43876075744629,0.0166452001661776
593,0.04167695360289535,-1.0239779574309406e-05,0.023744555778461844,0.017932397824433503,0.30389905785766225,-0.5,-30.438720703125,0.016645944814816627
594,0.041676626367333304,-9.205311744367202e-06,0.023744555778461844,0.01793207058887146,0.30389823388892856,-0.5,-30.43868637084961,0.016646614235308235
595,0.041676332190457945,-8.27535743043931e-06,0.023744555778461844,0.0179317764119961,0.30389749312614606,-0.5,-30.43865394592285,0.016647216028087955
596,0.041676067732321444,-7.4393566757567595e-06,0.023744555778461844,0.0179315119538596,0.3038968272135705,-0.5,-30.43862533569336,0.016647757025659835
597,0.04167582999044341,-6.687816382837589e-06,0.023744555778461844,0.017931274211981568,0.3038962286205942,-0.5,-30.438600540161133,0.016648243370172067
598,0.04167561626571542,-6.012202631330039e-06,0.023744555778461844,0.017931060487253576,0.3038956905631376,-0.5,-30.438575744628906,0.016648680583165598
599,0.04167542413174748,-5.4048438289760975e-06,0.023744555778461844,0.017930868353285632,0.30389520693221284,-0.5,-30.438554763793945,0.016649073628281552
600,0.041004799778570925,-0.06305912402079364,-0.14058737874193858,0.18159217852050952,17.380901177638993,-0.5,-30.438541412353516,0.015508068594995025
601,0.03782316801480286,-0.1487352627568592,-0.14058737874193858,0.17841054675674145,5.806604519715219,-0.5,-47.304725646972656,0.0200985325963194
602,0.0317175396421206,-0.23490196238566166,-0.14058737874193858,0.17230491838405917,-0.48615649952522305,-0.5,-49.73513412475586,0.030925450969157997
603,0.02285903031358099,-0.30966205366478594,-0.14058737874193858,0.16344640905551958,-3.5948300945051286,-0.5,-52.19338607788086,0.04765734601813833
604,0.011718407719448801,-0.3675735514780728,-0.14058737874193858,0.15230578646138737,-4.8015279657270105,-0.5,-54.29448699951172,0.06932512958133097
605,-0.0011123355482189098,-0.4071827750713182,-0.14058737874193858,0.13947504319371967,-4.901854054506753,-0.5,-55.90958023071289,0.09024693341766397
606,-0.015028752342911185,-0.42939338021561607,-0.14058737874193858,0.1255586263990274,-4.394295570753642,-0.5,-57.00173568725586,0.0623892430980891
607,-0.029476526336959404,-0.4363851064064038,-0.14058737874193858,0.11111085240497917,-3.5914265056672723,-0.5,-57.424957275390625,0.03367546599980924
608,-0.04398349392819939,-0.43090403096868024,-0.14058737874193858,0.09660388481373919,-2.686856918393756,-0.5,-57.15121841430664,0.0049947781864072005
609,-0.05817175604049665,-0.41580870215879256,-0.14058737874193858,0.08241562270144193,-1.7967541492337027,-0.5,-56.53968048095703,-0.12294568507663567
610,-0.07175725506215902,-0.393794015301117,-0.14058737874193858,0.06883012367977956,-0.98642355236046,-0.5,-55.47993469238281,-0.14961871186771153
611,-0.08454194332599026,-0.3672381740967217,-0.14058737874193858,0.05604543541594832,-0.2878414429806551,-0.5,-54.26938247680664,-0.17466110709298535
612,-0.0964020783016109,-0.33813355653440225,-0.14058737874193858,0.044185300440327674,0.2884973681801541,-0.5,-52.965476989746094,-0.19785069945432127
613,-0.1072750311741893,-0.3080730428805199,-0.14058737874193858,0.033312347567749284,0.7454508272235607,-0.5,-51.63865661621094,-0.2190807616198262
614,-0.11714615997623894,-0.2782711406038754,-0.14058737874193858,0.023441218765699642,1.0936277509915284,-0.5,-50.348445892333984,-0.238334748180622
615,-0.12603669281704324,-0.24960504493110786,-0.14058737874193858,0.014550685924895335,1.347556914566166,-0.5,-49.147056579589844,-0.2556631050398376
616,-0.13399313410902947,-0.2226651728564302,-0.14058737874193858,0.006594244632909113,1.5231230304939458,-0.5,-48.050132751464844,-0.2711630855688942
617,-0.14107840553917028,-0.19780805197692589,-0.14058737874193858,0.0004910267972317028,1.6359169895052788,-0.5,-47.117008209228516,-0.2859439958415094
618,-0.1473647321658014,-0.17520696669197905,-0.14058737874193858,0.00677735342386282,1.70024401380802,-0.5,-46.29804611206055,-0.3097761392928329
619,-0.15292815749512523,-0.1548976333248038,-0.14058737874193858,0.012340778753186649,1.7285986127654118,-0.5,-45.55748748779297,-0.3191646219858145
620,-0.15784449986656102,-0.1368175261335286,-0.14058737874193858,0.017257121124622438,1.7314622154569996,-0.5,-44.91582489013672,-0.3274462184112342
621,-0.16218653020072937,-0.120838417488171,-0.14058737874193858,0.021599151458790794,1.717314852204196,-0.5,-44.3510856628418,-0.3347570116100356
622,-0.1660221457765702,-0.10679231920134956,-0.14058737874193858,0.025434767034631628,1.692779893939931,-0.5,-43.853668212890625,-0.34121952308904874
623,-0.16941332668252201,-0.09449139460694612,-0.14058737874193858,0.028825947940583435,1.6628426583142448,-0.5,-43.422210693359375,-0.34694240400134313
624,-0.17241568377526537,-0.08374261572818925,-0.14058737874193858,0.03182830503332679,1.6311008806050278,-0.5,-43.05112075805664,-0.3520208554296836
625,-0.17507843416784205,-0.0743580181315714,-0.14058737874193858,0.03449105542590347,1.6000184616150999,-0.5,-42.72846221923828,-0.3565375196348394
626,-0.1774446688137133,-0.06616139861806272,-0.14058737874193858,0.03685729007177471,1.5711641871332962,-0.5,-42.44607162475586,-0.360563642204201
627,-0.17955180424383327,-0.05899223931337985,-0.14058737874193858,0.03896442550189469,1.5454248047102221,-0.5,-42.196044921875,-0.3641603558834555
628,-0.18143213548229692,-0.0527075496602783,-0.14058737874193858,0.04084475674035834,1.5231874174351152,-0.5,-41.976036071777344,-0.3673799796860714
629,-0.1831134288429355,-0.04718221241486258,-0.14058737874193858,0.042526050100996915,1.5044900307214395,-0.5,-41.782371520996094,-0.37026726166725266
630,-0.18461951142156852,-0.04230831283680517,-0.14058737874193858,0.04403213267962994,1.4891416347648565,-0.5,-41.611419677734375,-0.37286052106361034
631,-0.18597082870947437,-0.03799382951085762,-0.14058737874193858,0.045383449967535794,1.4768147388948332,-0.5,-41.46006393432617,-0.3751926661823975
632,-0.18718495313678274,-0.03416097514820098,-0.14058737874193858,0.04659757439484416,1.4671140605540107,-0.5,-41.325645446777344,-0.3772920794582839
633,-0.1882770349005619,-0.03074439847011205,-0.14058737874193858,0.047689656158623334,1.4596253290364625,-0.5,-41.20589828491211,-0.3791833714884086
634,-0.18926019258102034,-0.027689394418338426,-0.14058737874193858,0.04867281383908176,1.4539480660690562,-0.5,-41.09891891479492,-0.38088801256341603
635,-0.1901458452423595,-0.02495021892799172,-0.14058737874193858,0.04955846650042092,1.4497158861818846,-0.5,-41.00310134887695,-0.38242485409245774
636,-0.19094399036644213,-0.022488565141619166,-0.14058737874193858,0.050356611624503556,1.4466074201274473,-0.5,-40.91708755493164,-0.3838105541140479
637,-0.19166343344624756,-0.0202722286953107,-0.14058737874193858,0.05107605470430898,1.444350476730381,-0.5,-40.83972930908203,-0.3850599214070661
638,-0.1923119756871766,-0.018273968908348887,-0.14058737874193858,0.05172459694523801,1.442721572046675,-0.5,-40.77006530761719,-0.38618619206069965
639,-0.19289656628742505,-0.01647055872973691,-0.14058737874193858,0.05230918754548647,1.4415425012859426,-0.5,-40.70726013183594,-0.3872012511115854
640,-0.1934234254008917,-0.014842007639941552,-0.14058737874193858,0.05283604665895311,1.4406752267601342,-0.5,-40.650596618652344,-0.38811581029724707
641,-0.19389814328680646,-0.013370937058518554,-0.14058737874193858,0.053310764544867884,1.440016012438266,-0.5,-40.59945297241211,-0.3889395513124536
642,-0.1943257604376479,-0.01204208605620663,-0.14058737874193858,0.053738381695709325,1.439489453887668,-0.5,-40.553279876708984,-0.3896812423289476
643,-0.19471083273483594,-0.010841925406552698,-0.14058737874193858,0.054123453992897363,1.4390428283310612,-0.5,-40.511600494384766,-0.39034883403718756
644,-0.19505748496636063,-0.009758359521709363,-0.14058737874193858,0.054470106224422055,1.4386410174138848,-0.5,-40.4739875793457,-0.39094954014033145
645,-0.19536945538665298,-0.008780498054748807,-0.14058737874193858,0.054782076644714406,1.4382621278826813,-0.5,-40.4400520324707,-0.39148990609633577
646,-0.19565013342517254,-0.007898481517339408,-0.14058737874193858,0.05506275468323396,1.4378938451557666,-0.5,-40.40945053100586,-0.39197586896473163
647,-0.1959025921632994,-0.0071033478776827185,-0.14058737874193858,0.05531521342136081,1.4375304944051153,-0.5,-40.38186264038086,-0.39241281045860976
648,-0.1961296167981185,-0.00638692958565844,-0.14058737874193858,0.055542238056179916,1.4371707465875467,-0.5,-40.35700607299805,-0.39280560471033904
649,-0.1963337299904519,-0.00574177271033193,-0.14058737874193858,0.05574635124851332,1.436815887043939,-0.5,-40.33462142944336,-0.39315866180875375
650,-0.19651721474401587,-0.005161071814201043,-0.14058737874193858,0.05592983600207729,1.4364685569385134,-0.5,-40.31398010253906,-0.39347596783230576
651,-0.19668213527257525,-0.004638615812520978,-0.14058737874193858,0.05609475653063667,1.4361318789710826,-0.5,-40.29533386230469,-0.39376112186433593
652,-0.19683035617198819,-0.004168741384586157,-0.14058737874193858,0.05624297743004961,1.4358088853522417,-0.5,-40.278568267822266,-0.3940173703126186
653,-0.19696356011420546,-0.003746291542995696,-0.14058737874193858,0.05637618137226688,1.43550217562828,-0.5,-40.263492584228516,-0.39424763874777796
654,-0.19708326421174005,-0.0033665777614493874,-0.14058737874193858,0.05649588546980147,1.4352137428639224,-0.5,-40.250362396240234,-0.39445456140908713
655,-0.1971908351562004,-0.0030253446496429927,-0.14058737874193858,0.056603456414261816,1.4349449177453706,-0.5,-40.239017486572266,-0.3946405084893433
656,-0.19728750320680613,-0.0027187365831670665,-0.14058737874193858,0.05670012446486755,1.4346963905797314,-0.5,-40.22881317138672,-0.3948076112933764
657,-0.19737437508923283,-0.002443265982109874,-0.14058737874193858,0.056786996347294255,1.4344682804833553,-0.5,-40.21965789794922,-0.39495778535999787
658,-0.1974524458576392,-0.002195783115467157,-0.14058737874193858,0.056865067115700635,1.4342602290504511,-0.5,-40.211421966552734,-0.3950927516394582
659,-0.19752260977026534,-0.0019734474160121407,-0.14058737874193858,0.05693523102832676,1.4340715024184816,-0.5,-40.20402526855469,-0.3952140558239574
660,-0.1975856702293348,-0.0017737003438374735,-0.14058737874193858,0.05699829148739621,1.433901090954249,-0.5,-40.19738006591797,-0.39532308593493093
661,-0.19764234883758772,-0.0015942398537708647,-0.14058737874193858,0.05705497009564914,1.4337477998951615,-0.5,-40.1914176940918,-0.3954210882761169
662,-0.19769329362558988,-0.0014329965157345544,-0.14058737874193858,0.0571059148836513,1.4336103273521568,-0.5,-40.1860466003418,-0.39550918186496864
663,-0.19773908650537383,-0.001288111317880636,-0.14058737874193858,0.057151707763435255,1.4334873282828258,-0.5,-40.18128204345703,-0.39558837145642567
664,-0.19778025000664098,-0.0011579151571581936,-0.14058737874193858,0.057192871264702405,1.4333774645424586,-0.5,-40.17710494995117,-0.39565955927240704
665,-0.19781725335156045,-0.0010409099957299896,-0.14058737874193858,0.05722987460962187,1.433279442069488,-0.5,-40.17334747314453,-0.39572355554782684
666,-0.19785051792315086,-0.0009357516374502351,-0.14058737874193858,0.057263139181212286,1.4331920367950712,-0.5,-40.16997146606445,-0.39578108799976464
667,-0.19788042218042268,-0.0008412340581975831,-0.14058737874193858,0.0572930434384841,1.4331141110984906,-0.5,-40.166934967041016,-0.395832810321027
668,-0.19790730607102605,-0.0007562752080172269,-0.14058737874193858,0.05731992732908747,1.433044622653057,-0.5,-40.164215087890625,-0.39587930979305636
669,-0.19793147498925465,-0.0006799041918894024,-0.14058737874193858,0.05734409624731607,1.4329826273955848,-0.5,-40.16176223754883,-0.39592111410633235
670,-0.19795320332404598,-0.0006112497292058063,-0.14058737874193858,0.0573658245821074,1.4329272781615856,-0.5,-40.1595573425293,-0.39595869746934353
671,-0.19797273763824033,-0.0005495297891516237,-0.14058737874193858,0.05738535889630175,1.432877820300003,-0.5,-40.15757751464844,-0.3959924860801326
672,-0.1979902995169284,-0.0004940422994931692,-0.14058737874193858,0.05740292077498982,1.432833585344074,-0.5,-40.155792236328125,-0.39602286302751954
673,-0.19800608811933185,-0.00044415682906909356,-0.14058737874193858,0.05741870937739327,1.432793983588076,-0.5,-40.15419387817383,-0.39605017268252063
674,-0.19802028246539455,-0.00039930714892090393,-0.14058737874193858,0.05743290372345597,1.4327584962148852,-0.5,-40.15275955200195,-0.3960747246342978
675,-0.19803304348516743,-0.0003589845828904248,-0.14058737874193858,0.05744566474322885,1.4327266674423569,-0.5,-40.151458740234375,-0.39609679721925223
676,-0.19804451585618646,-0.0003227320651617505,-0.14058737874193858,0.05745713711424788,1.4326980970097056,-0.5,-40.150299072265625,-0.39611664068665003
677,-0.19805482965138232,-0.00029013882922760694,-0.14058737874193858,0.057467450909443746,1.432672433206802,-0.5,-40.14925003051758,-0.3961344800394219
678,-0.19806410181763837,-0.0002608356598024592,-0.14058737874193858,0.05747672307569979,1.4326493665587394,-0.5,-40.148311614990234,-0.3961505175845229
679,-0.19807243750292217,-0.0002344906460546926,-0.14058737874193858,0.05748505876098359,1.4326286242099022,-0.5,-40.147464752197266,-0.3961649352234309
680,-0.19807993124794934,-0.00021080538102594392,-0.14058737874193858,0.05749255250601076,1.4326099650039272,-0.5,-40.146705627441406,-0.39617789650997715
681,-0.19808666805658248,-0.00018951155814519159,-0.14058737874193858,0.0574992893146439,1.4325931752238776,-0.5,-40.14602279663086,-0.3961895484997054
682,-0.19809272435760597,-0.0001703679212712822,-0.14058737874193858,0.05750534561566739,1.4325780649373618,-0.5,-40.145408630371094,-0.39620002341229904
683,-0.19809816886913434,-0.0001531575296912858,-0.14058737874193858,0.05751079012719576,1.4325644648814673,-0.5,-40.14485168457031,-0.3962094401262816
684,-0.19810306337568587,-0.00013768530396782297,-0.14058737874193858,0.05751568463374729,1.4325522238189246,-0.5,-40.14435577392578,-0.3962179055231217
685,-0.19810746342687133,-0.00012377582249104463,-0.14058737874193858,0.05752008468493275,1.4325412062987448,-0.5,-40.14391326904297,-0.3962255156960527
686,-0.19811141896568993,-0.00011127134208566287,-0.14058737874193858,0.05752404022375135,1.432531290758948,-0.5,-40.14350891113281,-0.39623235703730275
687,-0.198114974893579,-0.00010003001909148237,-0.14058737874193858,0.05752759615164041,1.4325223679154386,-0.5,-40.14315414428711,-0.39623850721600157
688,-0.19811817157861383,-8.992431002270198e-05,-0.14058737874193858,0.057530792836675254,1.4325143393880817,-0.5,-40.142826080322266,-0.39624403605776365
689,-0.19812104531259148,-8.083953326004539e-05,-0.14058737874193858,0.0575336665706529,1.4325071165222787,-0.5,-40.14253616333008,-0.39624900633582355
690,-0.19812362872213937,-7.267257528281359e-05,-0.14058737874193858,0.05753624998020079,1.432500619371023,-0.5,-40.14227294921875,-0.3962534744825908
691,-0.19812595113846787,-6.533072674483188e-05,-0.14058737874193858,0.05753857239652929,1.4324947758089146,-0.5,-40.14203643798828,-0.39625749122960147
692,-0.19812803892991487,-5.873063527272293e-05,-0.14058737874193858,0.057540660187976295,1.432489520754685,-0.5,-40.14182662963867,-0.3962611021830404
693,-0.19812991580101336,-5.2797363248686565e-05,-0.14058737874193858,0.05754253705907478,1.4324847954837092,-0.5,-40.14163589477539,-0.39626434834128765
694,-0.19813160306143848,-4.746354005985465e-05,-0.14058737874193858,0.057544224319499904,1.4324805470157689,-0.5,-40.1414680480957,-0.39626726656030503
695,-0.1981331198678538,-4.266859937459255e-05,-0.14058737874193858,0.057545741125915234,1.43247672756631,-0.5,-40.14130783081055,-0.3962698899720917
696,-0.19813448344137588,-3.835809296324834e-05,-0.14058737874193858,0.0575471046994373,1.4324732940522493,-0.5,-40.14116668701172,-0.39627224836092195
697,-0.19813570926310434,-3.448307343306454e-05,-0.14058737874193858,0.05754833052116576,1.432470207645001,-0.5,-40.141048431396484,-0.3962743685016088
698,-0.19813681124992158,-3.099953900775623e-05,-0.14058737874193858,0.057549432507983,1.4324674333651366,-0.5,-40.140933990478516,-0.3962762744636108
699,-0.1981378019125454,-2.7867934163876926e-05,-0.14058737874193858,0.057550423170606824,1.432464939714086,-0.5,-40.140830993652344,-0.3962779878844228
700,-0.19761891099687717,0.04885907133945186,-0.013185645516510382,0.1844332654803668,-11.806839940557726,-0.5,-40.1407470703125,-0.3971618846450587
701,-0.19515320612403173,0.11528418239690319,-0.013185645516510382,0.18196756060752134,-2.833629234162158,-0.5,-28.708633422851562,-0.3936049164950632
702,-0.1904205193262504,0.1820893168248674,-0.013185645516510382,0.17723487380974,2.044961896956855,-0.5,-26.994098663330078,-0.38521281769596283
703,-0.18355352095400637,0.24005097766110664,-0.013185645516510382,0.17036787543749599,4.45502356575925,-0.5,-25.240427017211914,-0.37224259241882407
704,-0.174917191851574,0.28495018002999545,-0.013185645516510382,0.16173154633506362,5.390539381106092,-0.5,-23.7752742767334,-0.3554455636022154
705,-0.16497049412355536,0.31565995185460016,-0.013185645516510382,0.15178484860704497,5.468317745017879,-0.5,-22.67720603942871,-0.33577728811182206
706,-0.15418204475827013,0.3328808925598943,-0.013185645516510382,0.14099639924175975,5.074821166352815,-0.5,-21.962841033935547,-0.3142196847792498
707,-0.14298159509939007,0.33830290970664,-0.013185645516510382,0.12979594958287968,4.45237908528072,-0.5,-21.626544952392578,-0.2916778860252321
708,-0.1317352052697801,0.3340549740181308,-0.013185645516510382,0.11854955975326972,3.751091693159138,-0.5,-21.59432601928711,-0.2689267694108568
709,-0.12073585431013405,0.32235324987236363,-0.013185645516510382,0.10755020879362366,3.061020112230553,-0.5,-21.807283401489258,-0.2465900201542402
710,-0.11020376822254953,0.30528702474051356,-0.013185645516510382,0.09701812270603914,2.4327936586296017,-0.5,-22.207603454589844,-0.22513980159454022
711,-0.1002924915690778,0.28470006293432687,-0.013185645516510382,0.08710684605256741,1.8912026223995584,-0.5,-22.748319625854492,-0.20490870963140018
712,-0.09109796191163287,0.26213700811678836,-0.013185645516510382,0.07791231639512249,1.444383313681085,-0.5,-23.423582077026367,-0.18610824457166025
713,-0.08266873677525333,0.23883278392266233,-0.013185645516510382,0.06948309125874294,1.0901200424579665,-0.5,-24.142152786254883,-0.1688498876102602
714,-0.0750161705611295,0.21572897160999133,-0.013185645516510382,0.06183052504461911,0.8201880965880004,-0.5,-24.869159698486328,-0.15316622348863473
715,-0.06812380835682358,0.1935056432099881,-0.013185645516510382,0.05493816284031319,0.6233237359186246,-0.5,-25.589797973632812,-0.13903053666984064
716,-0.06195559900824494,0.17262053915789713,-0.013185645516510382,0.04876995349173456,0.487212002382431,-0.5,-26.2916316986084,-0.1263740156258061
717,-0.05646276329163756,0.153350071541609,-0.013185645516510382,0.043277117775127175,0.39976572995466714,-0.5,-26.973222732543945,-0.11510019444374818
718,-0.05158930913827235,0.13582858869187073,-0.013185645516510382,0.038403663621761966,0.3498944942786883,-0.5,-27.61468505859375,-0.10509659355777304
719,-0.047276283956498286,0.12008378583379861,-0.013185645516510382,0.0340906384399879,0.3279116640882818,-0.5,-28.194976806640625,0.003756267977087571
720,-0.04346490954709953,0.10606719345222251,-0.013185645516510382,0.030279264030589146,0.3256912907039109,-0.5,-28.71605110168457,0.011578195642588579
721,-0.04009877013003214,0.09367940479249769,-0.013185645516510382,0.026913124613521754,0.33665905164427035,-0.5,-29.180049896240234,0.018484628917378232
722,-0.03712522817719848,0.08279018746360992,-0.013185645516510382,0.0239395826606881,0.3556800383949316,-0.5,-29.59008026123047,0.0245835762252562
723,-0.0344962334593726,0.07325392073383913,-0.013185645516510382,0.021310587942862214,0.3788892774652341,-0.5,-29.950862884521484,0.029973831762388728
724,-0.03216867351321989,0.06492095884373839,-0.013185645516510382,0.01898302799670951,0.4034975475991615,-0.5,-30.266603469848633,0.03474416497752601
725,-0.030104392656039404,0.057645581329897555,-0.013185645516510382,0.01691874713952902,0.4275946564379507,-0.5,-30.541467666625977,0.038973216478606805
726,-0.028269984545932728,0.05129118558106322,-0.013185645516510382,0.015084339029422345,0.4499643682916508,-0.5,-30.78299331665039,0.04272987973918806
727,-0.02663644197250145,0.045733329099452276,-0.013185645516510382,0.013450796455991069,0.4699192119357921,-0.5,-30.995948791503906,0.046073992173455765
728,-0.025178728205830097,0.04086115756957704,-0.013185645516510382,0.011993082689319715,0.4871590760402754,-0.5,-31.19021987915039,0.049057199476532316
729,-0.023875317426102598,0.03657767312258026,-0.013185645516510382,0.010689671909592215,0.501654494639486,-0.5,-31.360980987548828,0.05172389227139329
730,-0.02270773771422728,0.03279921429822686,-0.013185645516510382,0.009522092197716898,0.5135535507047349,-0.5,-31.508636474609375,0.05411214356850942
731,-0.02166013875647065,0.029454441096206426,-0.013185645516510382,0.008474493239960267,0.5231101369579919,-0.5,-31.639318466186523,0.05625459939000502
732,-0.02071889759107723,0.026483048665140764,-0.013185645516510382,0.0075332520745668465,0.5306307033054869,-0.5,-31.7554874420166,0.05817929354998193
733,-0.019872269099327357,0.023834373291054717,-0.013185645516510382,0.006686623582816974,0.5364364207173579,-0.5,-31.859066009521484,0.05991037162854243
734,-0.01911008317661461,0.0214660048397474,-0.013185645516510382,0.005924437660104226,0.5408377673925814,-0.5,-31.951345443725586,0.06146871932749617
735,-0.01842348726831649,0.019342480262023752,-0.013185645516510382,0.005237841751806107,0.5441187904667781,-0.5,-32.0338020324707,0.06287249735856396
736,-0.01780473089949919,0.017434102258285854,-0.013185645516510382,0.004619085382988809,0.5465286373965357,-0.5,-32.11075210571289,0.06413758945690463
737,-0.01724698768101573,0.015715904524004586,-0.013185645516510382,0.004061342164505346,0.5482783293913103,-0.5,-32.182228088378906,0.06527797263025178
738,-0.016744209793040057,0.01416676887245291,-0.013185645516510382,0.0035585642765296743,0.5495411264353052,-0.5,-32.24919891357422,0.06630601985827292
739,-0.01629100992912276,0.0127686886942037,-0.013185645516510382,0.0031053644126123776,0.5504551849692246,-0.5,-32.30937194824219,0.0672327455709616
740,-0.015882565968959254,0.01150616650291765,-0.013185645516510382,0.002696920452448872,0.5511275211080274,-0.5,-32.36366271972656,0.06806800369709912
741,-0.015514544112663087,0.010365729713735875,-0.013185645516510382,0.0023288985961527047,0.5516385579435645,-0.5,-32.41266632080078,0.0688206471452832
742,-0.015183036761804427,0.009335547442246163,-0.013185645516510382,0.001997391245294045,0.5520467539514665,-0.5,-32.45690155029297,0.0694986564551375
743,-0.014884512007787279,0.008405131295317442,-0.013185645516510382,0.0016988664912768962,0.5523929832221317,-0.5,-32.49683380126953,0.07010924417367673
744,-0.014615772142707185,0.007565104295422243,-0.013185645516510382,0.001430126626196803,0.5527044716866263,-0.5,-32.53287124633789,0.07065894036489462
745,-0.014373919114744239,0.00680702381488653,-0.013185645516510382,0.0011882735982338567,0.5529981922730154,-0.5,-32.56538391113281,0.07115366360773015
746,-0.01415632529501793,0.0061232463862347115,-0.013185645516510382,0.000970679778507547,0.5532836918730739,-0.5,-32.594703674316406,0.07159878091037872
747,-0.013960608300299581,0.00550682428294067,-0.013185645516510382,0.000774962783789199,0.5535653697966503,-0.5,-32.621131896972656,0.07199915917997216
748,-0.013784608926858663,0.00495142568915185,-0.013185645516510382,0.0005989634103482806,0.5538442562159736,-0.5,-32.64494705200195,0.07235921023526601
749,-0.013626371499761257,0.004451272012165666,-0.013185645516510382,0.00044072598325087427,0.554119354467729,-0.5,-32.66638946533203,0.07268293082696661
750,-0.013484126136125445,0.0040010873948561985,-0.013185645516510382,0.00029848061961506266,0.5543886167762933,-0.5,-32.685691833496094,0.07297393872164212
751,-0.013356272568143068,0.0035960567442559523,-0.013185645516510382,0.00017062705163268556,0.5546496220616043,-0.5,-32.70306396484375,0.07323550559448344
752,-0.013241365280198241,0.0032317896147201954,-0.013185645516510382,5.571976368785869e-05,0.5549000194116424,-0.5,-32.71868896484375,0.07347058724681234
753,-0.013138099791806206,0.0029042880897195127,-0.013185645516510382,4.754572470417641e-05,0.5551377933592658,-0.5,-32.73273849487305,0.0735867600508853
754,-0.01304529997123906,0.0026099174222722573,-0.013185645516510382,0.00014034554527132294,0.5553613986363436,-0.5,-32.745365142822266,0.07368610436584112
755,-0.012961906299531669,0.0023453786499025206,-0.013185645516510382,0.00022373921697871335,0.5555698035078533,-0.5,-32.756717681884766,0.07387552479673415
756,-0.012886965026015352,0.0021076827251058886,-0.013185645516510382,0.00029868049049503083,0.5557624727153226,-0.5,-32.76691818237305,0.07404574453819769
757,-0.012819618168598808,0.0018941259238731325,-0.013185645516510382,0.0003660273479115742,0.5559393138361625,-0.5,-32.776084899902344,0.07419871050919219
758,-0.012759094317825518,0.0017022664370066223,-0.013185645516510382,0.0004265511986848644,0.5561006046643187,-0.5,-32.78431701660156,0.07433617419172535
759,-0.012704700205646171,0.0015299021323439913,-0.013185645516510382,0.0004809453108642111,0.5562469140811661,-0.5,-32.791717529296875,0.07445971036991111
760,-0.012655812999578114,0.0013750495175242987,-0.013185645516510382,0.0005298325169322687,0.5563790247711322,-0.5,-32.79836654663086,0.0745707343188995
761,-0.012611873281687091,0.0012359239461029803,-0.013185645516510382,0.0005737722348232912,0.5564978629495436,-0.5,-32.80434036254883,0.07467051752142966
762,-0.01257237867041733,0.0011109211050668998,-0.013185645516510382,0.0006132668460930527,0.5566044378887142,-0.5,-32.80971145629883,0.07476020199264224
763,-0.012536878042201256,0.0009985998068854603,-0.013185645516510382,0.0006487674743091264,0.5566997923209369,-0.5,-32.81452941894531,0.07484081329703715
764,-0.012504966309258469,0.0008976660897145475,-0.013185645516510382,0.0006806792072519136,0.5567849636349209,-0.5,-32.81886291503906,0.07491327234405455
765,-0.012476279710143295,0.0008069586090275634,-0.013185645516510382,0.0007093658063670877,0.5568609550466206,-0.5,-32.82276153564453,0.07497840605014686
766,-0.012450491570413289,0.0007254352851809912,-0.013185645516510382,0.0007351539460970936,0.5569287155119111,-0.5,-32.82625961303711,0.07503695695518436
767,-0.012427308492193723,0.0006521611555920867,-0.013185645516510382,0.0007583370243166593,0.5569891269688901,-0.5,-32.82940673828125,0.0750895918796134
768,-0.012406466933297796,0.0005862973679255294,-0.013185645516510382,0.000779178583212586,0.5570429974795974,-0.5,-32.83223342895508,0.07513690970611221
769,-0.012387730138807581,0.0005270912420513485,-0.013185645516510382,0.0007979153777028011,0.5570910589276165,-0.5,-32.83477783203125,0.07517944836579206
770,-0.01237088539050784,0.00047386732331403813,-0.013185645516510382,0.0008147601260025429,0.5571339680759257,-0.5,-32.83706283569336,0.07521769110451888
771,-0.012355741542184731,0.00042601934741664436,-0.013185645516510382,0.0008299039743256513,0.5571723099664471,-0.5,-32.839115142822266,0.0752520720999366
772,-0.012342126811461733,0.0003830030374576418,-0.013185645516510382,0.0008435187050486494,0.5572066028266566,-0.5,-32.840965270996094,0.07528298149448066
773,-0.01232988680147011,0.00034432965582724146,-0.013185645516510382,0.0008557587150402717,0.5572373038244471,-0.5,-32.84262466430664,0.07531076990427679
774,-0.012318882728183671,0.0003095602372650245,-0.013185645516510382,0.0008667627883267113,0.5572648151712409,-0.5,-32.8441162109375,0.07533575245848298
775,-0.012308989831645925,0.00027830043394855427,-0.013185645516510382,0.0008766556848644573,0.557289490210507,-0.5,-32.845458984375,0.07535821241847299
776,-0.01230009595155493,0.0002501959086375144,-0.013185645516510382,0.0008855495649554516,0.5573116392427835,-0.5,-32.84666442871094,0.07537840442136727
777,-0.012292100249732034,0.0002249282173267648,-0.013185645516510382,0.0008935452667783485,0.5573315349296902,-0.5,-32.847747802734375,0.0753965573878467
778,-0.012284912063879529,0.0002022111283212236,-0.013185645516510382,0.0009007334526308537,0.5573494171900207,-0.5,-32.84872055053711,0.07541287712997238
779,-0.012278449878730694,0.00018178732995582496,-0.013185645516510382,0.000907195637779688,0.5573654975535177,-0.5,-32.84960174560547,0.075427548690892
780,-0.012272640402220317,0.00016342548421976406,-0.013185645516510382,0.000913005114290065,0.5573799629751508,-0.5,-32.85039138793945,0.07544073844483801
781,-0.012267417735665193,0.00014691758822617975,-0.013185645516510382,0.0009182277808451895,0.5573929791375716,-0.5,-32.851097106933594,0.07545259598270318
782,-0.012262722628154478,0.00013207660975281206,-0.013185645516510382,0.0009229228883559041,0.5574046932845418,-0.5,-32.85173416137695,0.07546325580569269
783,-0.012258501806423013,0.000118734366950221,-0.013185645516510382,0.0009271437100873692,0.5574152366359303,-0.5,-32.8523063659668,0.07547283884707501
784,-0.01225470737243015,0.00010673962577641483,-0.013185645516510382,0.0009309381440802331,0.5574247264373198,-0.5,-32.852821350097656,0.07548145383985802
785,-0.012251296261706056,9.59563917886854e-05,-0.013185645516510382,0.0009343492548043262,0.5574332676960844,-0.5,-32.85328674316406,0.07548919854627437
786,-0.012248229756269453,8.626237563259122e-05,-0.013185645516510382,0.0009374157602409297,0.5574409546522369,-0.5,-32.853702545166016,0.07549616086324287
787,-0.012245473046576654,7.754761394674981e-05,-0.013185645516510382,0.0009401724699337286,0.5574478720274512,-0.5,-32.85407638549805,0.07550241981645656
788,-0.012242994837542813,6.97132294848304e-05,-0.013185645516510382,0.0009426506789675694,0.55745409609019,-0.5,-32.85441589355469,0.0755080464544063
789,-0.01224076699419112,6.267031607707385e-05,-0.013185645516510382,0.0009448785223192622,0.5574596955692911,-0.5,-32.854713439941406,0.07551310465246222
790,-0.012238764222943227,5.6338935645476185e-05,-0.013185645516510382,0.0009468812935671551,0.557464732443077,-0.5,-32.85498809814453,0.07551765183608339
791,-0.012236963784971237,5.064721587949159e-05,-0.013185645516510382,0.0009486817315391451,0.5574692626262513,-0.5,-32.85523223876953,0.07552173963129157
792,-0.012235345238394672,4.5530538399907346e-05,-0.013185645516510382,0.0009503002781157104,0.5574733365726069,-0.5,-32.85545349121094,0.0755254144497141
793,-0.01223389020643021,4.0930808311290944e-05,-0.013185645516510382,0.0009517553100801719,0.557476999807991,-0.5,-32.855648040771484,0.07552871801475955
794,-0.012232582168892378,3.679579698893585e-05,-0.013185645516510382,0.0009530633476180043,0.557480293404964,-0.5,-32.85582733154297,0.07553168783482797
795,-0.012231406274703755,3.307855078237735e-05,-0.013185645516510382,0.0009542392418066276,0.557483254408168,-0.5,-32.855987548828125,0.07553435762886476
796,-0.012230349173307065,2.9736859059497157e-05,-0.013185645516510382,0.0009552963432033178,0.5574859162174781,-0.5,-32.85612869262695,0.07553675770903621
797,-0.012229398863081642,2.6732775675825435e-05,-0.013185645516510382,0.0009562466534287408,0.5574883089344951,-0.5,-32.856258392333984,0.07553891532482751
798,-0.012228544555056002,2.4032188543571983e-05,-0.013185645516510382,0.0009571009614543803,0.5574904596767916,-0.5,-32.85637664794922,0.07554085497243518
799,-0.012227776550378473,2.1604432503286598e-05,-0.013185645516510382,0.0009578689661319095,0.5574923928634252,-0.5,-32.856475830078125,0.07554259867294036
800,-0.013241395910708746,-0.09537382513725161,-0.2617993877991494,0.24855799188844066,26.392877142451077,-0.5,-32.85657501220703,0.06976213628205022
801,-0.018053952772934322,-0.22499385296662439,-0.2617993877991494,0.2437454350262151,8.882410530962058,-0.5,-58.7335205078125,0.057454958668025705
802,-0.02729023862562977,-0.3553557650808317,-0.2617993877991494,0.23450914917351964,-0.6377509206016644,-0.5,-62.37497329711914,0.03688802034739433
803,-0.04069136807406315,-0.46846065432735035,-0.2617993877991494,0.22110801972508626,-5.3407850107596095,-0.5,-66.1972427368164,0.008595360583939574
804,-0.05754512040797615,-0.5560755000749311,-0.2617993877991494,0.20425426739117325,-7.166366980107675,-0.5,-69.43077087402344,-0.12604026348578584
805,-0.07695587753751179,-0.6160010867686955,-0.2617993877991494,0.18484351026163762,-7.318146447171568,-0.5,-71.68373107910156,-0.16530105228392272
806,-0.09800917989655619,-0.6496045530542907,-0.2617993877991494,0.16379020790259322,-6.550272436397419,-0.5,-72.86041259765625,-0.2074452850867825
807,-0.1198664102427896,-0.660183591234671,-0.2617993877991494,0.1419329775563598,-5.335630437475834,-0.5,-73.17647552490234,-0.2508847697010793
808,-0.14181323874800195,-0.6518926903656322,-0.2617993877991494,0.11998614905114746,-3.967128334461089,-0.5,-72.55660247802734,-0.29427428350907314
809,-0.16327794658503267,-0.6290564923716573,-0.2617993877991494,0.09852144121411674,-2.6205128279449545,-0.5,-71.39883422851562,-0.33654400995161743
810,-0.18383078583597617,-0.5957520512093556,-0.2617993877991494,0.07796860196317323,-1.39458277174694,-0.5,-69.82769775390625,-0.37689633498147657
811,-0.20317213133122178,-0.555577304543801,-0.2617993877991494,0.05862725646792763,-0.3377143373618138,-0.5,-67.98558044433594,-0.41478178239438795
812,-0.2211147726914927,-0.5115464826192722,-0.2617993877991494,0.040684615107656696,0.5342151425939402,-0.5,-66.09378051757812,-0.4498642281536781
813,-0.2375639573130184,-0.4660694243315007,-0.2617993877991494,0.024235430486131,1.2255293920655574,-0.5,-64.20836639404297,-0.48198220122108615
814,-0.2524975310172938,-0.42098353671501687,-0.2617993877991494,0.009301856781855633,1.7522782359548068,-0.5,-62.34772491455078,-0.511110665166063
815,-0.2659476068561498,-0.37761591454471133,-0.2617993877991494,0.004148219057000413,2.1364419068910574,-0.5,-60.62984848022461,-0.54562237171468
816,-0.2779845380245567,-0.33685979208366557,-0.2617993877991494,0.016185150225407285,2.4020520013273154,-0.5,-59.04018783569336,-0.5848489968217035
817,-0.2887035152293055,-0.299254557379837,-0.2617993877991494,0.026904127430156077,2.5726955993607694,-0.5,-57.642242431640625,-0.6030887355323516
818,-0.2982138042175218,-0.26506237372616603,-0.2617993877991494,0.0364144164183724,2.670014724299788,-0.5,-56.36023712158203,-0.6191910161095682
819,-0.3066304477507382,-0.23433728049205282,-0.2617993877991494,0.044831059951588814,2.712912016072306,-0.5,-55.217498779296875,-0.6333944030592955
820,-0.31406814810170147,-0.20698468853538038,-0.2617993877991494,0.052268760302552064,2.7172445745497473,-0.5,-54.21550750732422,-0.6459232309811352
821,-0.32063699732249284,-0.18281060948723968,-0.2617993877991494,0.05883760952334344,2.6958416322805587,-0.5,-53.35456085205078,-0.6569833743401391
822,-0.3264397143822673,-0.161560901799253,-0.2617993877991494,0.06464032658311791,2.6587235271597334,-0.5,-52.601295471191406,-0.6667601909142717
823,-0.33157006639480396,-0.14295139527909667,-0.2617993877991494,0.06977067859565456,2.6134324262626714,-0.5,-51.93939208984375,-0.6754180545660994
824,-0.3361121847246259,-0.12669006559686058,-0.2617993877991494,0.07431279692547649,2.565411257155763,-0.5,-51.380374908447266,-0.6831009910589168
825,-0.34014052789298943,-0.112492548634812,-0.2617993877991494,0.07834114009384002,2.5183875968760585,-0.5,-50.90582275390625,-0.689934026386083
826,-0.3437202863897047,-0.10009227328980647,-0.2617993877991494,0.08192089859055529,2.474734824756894,-0.5,-50.49482727050781,-0.6960249449406151
827,-0.3469080660864858,-0.08924639816000145,-0.2617993877991494,0.08510867828733637,2.4357944810632133,-0.5,-50.12227249145508,-0.7014662317777527
828,-0.34975272472174307,-0.07973859827401462,-0.2617993877991494,0.08795333692259366,2.4021522060702702,-0.5,-49.794288635253906,-0.7063370379924442
829,-0.35229626872105657,-0.07137958856209564,-0.2617993877991494,0.09049688092190716,2.3738654986103946,-0.5,-49.50714874267578,-0.7107050608695314
830,-0.35457474501928876,-0.06400610902416048,-0.2617993877991494,0.09277535722013935,2.3506453858861387,-0.5,-49.25407791137695,-0.7146282717880177
831,-0.3566190846547009,-0.057478944123522474,-0.2617993877991494,0.09481969685555147,2.3319964164290594,-0.5,-49.03031539916992,-0.71815645615099
832,-0.3584558721267191,-0.05168041264194479,-0.2617993877991494,0.09665648432756968,2.317320577979977,-0.5,-48.83182907104492,-0.7213325523575537
833,-0.3601080274381432,-0.046511647367941146,-0.2617993877991494,0.09830863963899378,2.3059911314756953,-0.5,-48.65922546386719,-0.7241937925561076
834,-0.36159539704473004,-0.041889887380906564,-0.2617993877991494,0.09979600924558063,2.2974022039945297,-0.5,-48.50700378417969,-0.7267726580650922
835,-0.36293525627875584,-0.03774592852401369,-0.2617993877991494,0.10113586847960643,2.290999500696669,-0.5,-48.37073516845703,-0.7290976682177381
836,-0.364142729824745,-0.03402181811633168,-0.2617993877991494,0.10234334202559559,2.286296830604642,-0.5,-48.24845886230469,-0.7311940241012957
837,-0.3652311390628117,-0.03066883570632956,-0.2617993877991494,0.10343175126366227,2.2828824029708477,-0.5,-48.14009094238281,-0.7330841291490066
838,-0.3662122860346959,-0.02764577020208948,-0.2617993877991494,0.1044128982355465,2.280418114960812,-0.5,-48.046627044677734,-0.7347880075513805
839,-0.3670966838226103,-0.02491748256631162,-0.2617993877991494,0.10529729602346088,2.278634365404598,-0.5,-47.962371826171875,-0.7363236395614505
840,-0.3678937425746563,-0.022453730170248872,-0.2617993877991494,0.10609435477550688,2.277322320905635,-0.5,-47.88633728027344,-0.737707230409871
841,-0.36861191950393113,-0.020228221869355682,-0.2617993877991494,0.10681253170478172,2.2763250421575867,-0.5,-47.81770324707031,-0.7389534270306048
842,-0.369258840110351,-0.018217870212747653,-0.2617993877991494,0.10745945231120158,2.2755284519936825,-0.5,-47.75571823120117,-0.7400754943377591
843,-0.3698413967515386,-0.01640220755632017,-0.2617993877991494,0.10804200895238919,2.2748527877309157,-0.5,-47.699745178222656,-0.7410854605220809
844,-0.3703658296069282,-0.014762935133172632,-0.2617993877991494,0.1085664418077788,2.2742449199531665,-0.5,-47.64922332763672,-0.7419942388259047
845,-0.370837794090039,-0.013283577520344871,-0.2617993877991494,0.10903840629088957,2.2736717271463016,-0.5,-47.60362243652344,-0.7428117315392059
846,-0.3712624178957386,-0.011949218823665444,-0.2617993877991494,0.1094630300965892,2.2731145791078635,-0.5,-47.56197738647461,-0.7435469205383601
847,-0.37164435013271735,-0.010746300860266747,-0.2617993877991494,0.10984496233356794,2.272564890732633,-0.5,-47.524410247802734,-0.7442079475454267
848,-0.3719878043847327,-0.009662467373349817,-0.2617993877991494,0.11018841658558332,2.272020651525934,-0.5,-47.490562438964844,-0.7448021863901484
849,-0.37229659705820217,-0.008686441699906814,-0.2617993877991494,0.11049720925905276,2.2714838062120783,-0.5,-47.46006774902344,-0.7453363088748692
850,-0.372574181994778,-0.007807928245906695,-0.2617993877991494,0.11077479419562858,2.270958350690596,-0.5,-47.432621002197266,-0.7458163453384271
851,-0.372823682040088,-0.007017530580299405,-0.2617993877991494,0.11102429424093857,2.2704490093495373,-0.5,-47.40790557861328,-0.746247740654501
852,-0.37304791804805293,-0.006306680953977948,-0.2617993877991494,0.11124853024890352,2.269960369664645,-0.5,-47.38568115234375,-0.7466354061517697
853,-0.37324943564916613,-0.005667577621936164,-0.2617993877991494,0.11145004785001672,2.269496364532474,-0.5,-47.36569595336914,-0.7469837677805423
854,-0.37343053000741433,-0.005093127548868419,-0.2617993877991494,0.11163114220826492,2.2690600093077347,-0.5,-47.34772491455078,-0.7472968107505202
855,-0.3735932687225585,-0.004576892968059141,-0.2617993877991494,0.11179388092340908,2.268653317239267,-0.5,-47.33156967163086,-0.7475781208086641
856,-0.3737395129926249,-0.0041130408978104,-0.2617993877991494,0.11194012519347551,2.2682773327533696,-0.5,-47.31706237792969,-0.7478309223002069
857,-0.3738709371279002,-0.0036962951520290123,-0.2617993877991494,0.1120715493287508,2.267932236128097,-0.5,-47.30401611328125,-0.7480581131486771
858,-0.37398904649638454,-0.0033218906590571392,-0.2617993877991494,0.11218965869723513,2.267617485202873,-0.5,-47.292301177978516,-0.7482622968942063
859,-0.37409519397693364,-0.0029855300655403203,-0.2617993877991494,0.11229580617778423,2.2673319697915537,-0.5,-47.28177261352539,-0.7484458119376934
860,-0.37419059499683766,-0.0026833426831529296,-0.2617993877991494,0.11239120719768825,2.2670741624956423,-0.5,-47.272315979003906,-0.7486107581477369
861,-0.3742763412329979,-0.0024118458617031612,-0.2617993877991494,0.1124769534338485,2.2668422558337955,-0.5,-47.26382064819336,-0.7487590209952413
862,-0.374353413058615,-0.0021679088628630576,-0.2617993877991494,0.11255402525946562,2.266634280251068,-0.5,-47.25618362426758,-0.7488922933859903
863,-0.37442269081943375,-0.0019487192796628012,-0.2617993877991494,0.11262330302028434,2.266448200902717,-0.5,-47.249324798583984,-0.7490120953636694
864,-0.3744849650246112,-0.0017517520088002865,-0.2617993877991494,0.1126855772254618,2.266281993375679,-0.5,-47.24315643310547,-0.7491197918548399
865,-0.3745409455369812,-0.0015747407431200987,-0.2617993877991494,0.11274155773783179,2.266133699945808,-0.5,-47.237709045410156,-0.7492166086234884
866,-0.37459126984590013,-0.0014156519149954934,-0.2617993877991494,0.11279188204675072,2.266001468776235,-0.5,-47.23285675048828,-0.749303646596469
867,-0.3746365105031236,-0.0012726609904566213,-0.2617993877991494,0.11283712270397417,2.2658835788126033,-0.5,-47.228492736816406,-0.7493818947129934
868,-0.3746771817984846,-0.0011441309899440238,-0.2617993877991494,0.11287779399933517,2.2657784531661616,-0.5,-47.22457504272461,-0.7494522414418273
869,-0.37471374574776223,-0.001028593094717451,-0.2617993877991494,0.11291435794861282,2.2656846636063883,-0.5,-47.22105407714844,-0.749515485099538
870,-0.37474661746027643,-0.0009247291877592055,-0.2617993877991494,0.11294722966112702,2.2656009284964487,-0.5,-47.2178840637207,-0.749572343092455
871,-0.3747761699486316,-0.0008313561736480825,-0.2617993877991494,0.1129767821494822,2.2655261061590486,-0.5,-47.21503448486328,-0.7496234601943007
872,-0.37480273843784084,-0.0007474119223371028,-0.2617993877991494,0.11300335063869144,2.265459185301395,-0.5,-47.21247100830078,-0.7496694159610078
873,-0.37482662422593943,-0.0006719426860007168,-0.2617993877991494,0.11302723642679002,2.2653992737848982,-0.5,-47.210166931152344,-0.7497107313742776
874,-0.3748480981432547,-0.0006040918451333638,-0.2617993877991494,0.1130487103441053,2.2653455867152985,-0.5,-47.208099365234375,-0.7497478747960813
875,-0.37486740365281906,-0.0005430898489950033,-0.2617993877991494,0.11306801585366966,2.2652974345613015,-0.5,-47.20623779296875,-0.7497812673076523
876,-0.3748847596300473,-0.00048824522555906665,-0.2617993877991494,0.1130853718308979,2.2652542117874246,-0.5,-47.20456314086914,-0.7498112874986008
877,-0.37490036285577694,-0.0004389365467119258,-0.2617993877991494,0.11310097505662753,2.265215386308352,-0.5,-47.20306396484375,-0.749838275764619
878,-0.3749143902531044,-0.00039460524510742515,-0.2617993877991494,0.113115002453955,2.265180489934562,-0.5,-47.20170593261719,-0.7498625381657916
879,-0.3749270008951367,-0.0003547491894428526,-0.2617993877991494,0.11312761309598729,2.2651491098762433,-0.5,-47.20049285888672,-0.7498843498917778
880,-0.37493833780779945,-0.00031891693474964486,-0.2617993877991494,0.11313895000865004,2.2651208812998775,-0.5,-47.19939422607422,-0.7499039583749991
881,-0.3749485295891903,-0.00028670257342923683,-0.2617993877991494,0.11314914179004087,2.2650954808837884,-0.5,-47.19841766357422,-0.7499215860884428
882,-0.3749576918645996,-0.00025774112112479143,-0.2617993877991494,0.11315830406545019,2.2650726212888013,-0.5,-47.19752883911133,-0.7499374330606647
883,-0.37496592859423056,-0.00023170437907396178,-0.2617993877991494,0.11316654079508115,2.2650520464455886,-0.5,-47.19673538208008,-0.7499516791370457
884,-0.3749733332487956,-0.00020829722134427063,-0.2617993877991494,0.11317394544964621,2.265033527554977,-0.5,-47.196022033691406,-0.7499644860132235
885,-0.3749799898665266,-0.0001872542613469498,-0.2617993877991494,0.11318060206737718,2.265016859699984,-0.5,-47.195377349853516,-0.7499759990638516
886,-0.3749859740036931,-0.0001683368573124588,-0.2617993877991494,0.1131865862045437,2.265001858975698,-0.5,-47.19479751586914,-0.7499863489874184
887,-0.3749913535894374,-0.00015133042105244235,-0.2617993877991494,0.11319196579028801,2.2649883600517544,-0.5,-47.19427490234375,-0.7499956532856717
888,-0.37499618969460535,-0.00013604199839742807,-0.2617993877991494,0.11319680189545595,2.264976214093859,-0.5,-47.19381332397461,-0.7500040175942985
889,-0.37500053722324433,-0.00012229809325278965,-0.2617993877991494,0.11320114942409493,2.264965286980903,-0.5,-47.193389892578125,-0.7500115368797903
890,-0.3750044455345499,-0.00010994271032207213,-0.2617993877991494,0.11320505773540052,2.2649554577651494,-0.5,-47.19301223754883,-0.7500182965159216
891,-0.37500795900224587,-9.883559426464151e-05,-0.2617993877991494,0.11320857120309646,2.26494661733173,-0.5,-47.19267272949219,-0.750024373251901
892,-0.375011117517674,-8.885064543657603e-05,-0.2617993877991494,0.11321172971852461,2.2649386672224496,-0.5,-47.19236755371094,-0.750029836083048
893,-0.37501395694223877,-7.987449445736385e-05,-0.2617993877991494,0.11321456914308936,2.26493151859579,-0.5,-47.19209289550781,-0.750034747033765
894,-0.37501650951428367,-7.180521969040237e-05,-0.2617993877991494,0.11321712171513426,2.2649250913006274,-0.5,-47.19184494018555,-0.7500391618615967
895,-0.37501880421496847,-6.45511933563632e-05,-0.2617993877991494,0.11321941641581906,2.2649193130461174,-0.5,-47.19162368774414,-0.7500431306902896
896,-0.3750208670972605,-5.803004344699766e-05,-0.2617993877991494,0.1132214792981111,2.264914118654022,-0.5,-47.19142532348633,-0.7500466985789853
897,-0.37502272158174255,-5.2167719895550924e-05,-0.2617993877991494,0.11322333378259314,2.2649094493825097,-0.5,-47.191246032714844,-0.7500499060339618
898,-0.375024388722571,-4.689765461151756e-05,-0.2617993877991494,0.11322500092342158,2.2649052523129454,-0.5,-47.19108581542969,-0.7500527894687009
899,-0.37502588744658616,-4.216000601840758e-05,-0.2617993877991494,0.11322649964743675,2.264901479792726,-0.5,-47.19094467163086,-0.7500553816174883
900,-0.3739463411268564,0.1016173883401455,0.0031344798974075657,0.37708082102426393,-25.26643578642667,-0.5,-47.19081497192383,-0.7518940053509902
901,-0.3688184161611307,0.2397479963638169,0.0031344798974075657,0.37195289605853826,-6.6065046900567905,-0.5,-26.80196762084961,-0.7444963071747266
902,-0.3589763131758664,0.378669013723356,0.0031344798974075657,0.362110793073274,3.538601779720343,-0.5,-23.645526885986328,-0.7270439740526364
903,-0.3446959175795638,0.49920002170016015,0.0031344798974075657,0.34783039747697136,8.550363085017233,-0.5,-20.21320343017578,-0.700071440647833
904,-0.32673620850061047,0.5925675630660306,0.0031344798974075657,0.32987068839801803,10.495783469770394,-0.5,-17.54054069519043,-0.6651410860755691
905,-0.3060516009671402,0.6564280701899083,0.0031344798974075657,0.30918608086454774,10.657525521384898,-0.5,-15.484973907470703,-0.6242399979103055
906,-0.2836165878647844,0.6922384397398472,0.0031344798974075657,0.28675106776219195,9.839243991497616,-0.5,-14.044824600219727,-0.5794100846142053
907,-0.26032484071196477,0.7035128509734417,0.0031344798974075657,0.2634593206093723,8.544866693237381,-0.5,-13.12606430053711,-0.532533576819782
908,-0.23693758445733656,0.6946785227272272,0.0031344798974075657,0.24007206435474412,7.08652929466099,-0.5,-12.688934326171875,-0.4852218387964063
909,-0.21406407108750444,0.6703439952546881,0.0031344798974075657,0.217198550984912,5.6515152936113155,-0.5,-12.630208969116211,-0.4387718285679112
910,-0.19216226177094742,0.6348539671066684,0.0031344798974075657,0.19529674166835498,4.345109138800751,-0.5,-12.90036392211914,-0.3941654125806712
911,-0.17155145281583487,0.5920425683416816,0.0031344798974075657,0.17468593271324243,3.218862625404384,-0.5,-13.476285934448242,-0.3520942250936413
912,-0.1524311460852476,0.5451219036499282,0.0031344798974075657,0.15556562598265516,2.2896953402221207,-0.5,-14.366243362426758,-0.3129980806224043
913,-0.1349023161047394,0.4966600107166281,0.0031344798974075657,0.13803679600214697,1.5529997257344221,-0.5,-15.42762565612793,-0.27710880276480204
914,-0.1189885730916998,0.4486149177434325,0.0031344798974075657,0.12212305298910736,0.9916723698955275,-0.5,-16.61507797241211,-0.2444941490575316
915,-0.1046556975121924,0.4024008409227271,0.0031344798974075657,0.10779017740959997,0.5822901547105336,-0.5,-17.856334686279297,-0.21509856149101378
916,-0.09182871927606091,0.3589696548785057,0.0031344798974075657,0.09496319917346847,0.29924393800134147,-0.5,-19.10787582397461,-0.1887789430599156
917,-0.08040620019326318,0.3188961595121753,0.0031344798974075657,0.08354068009067074,0.11739827435818387,-0.5,-20.335628509521484,-0.1653346892793374
918,-0.07027170295678369,0.28245973128561996,0.0031344798974075657,0.07340618285419125,0.013690457766384969,-0.5,-21.52414321899414,-0.14453189524136886
919,-0.061302633901235686,0.24971796018312828,0.0031344798974075657,0.06443711379864325,-0.03202300866070831,-0.5,-22.609394073486328,-0.1261220967560798
920,-0.053376762098097046,0.22057005070676922,0.0031344798974075657,0.05651124199550461,-0.036640158532203336,-0.5,-23.587772369384766,-0.10985615492839391
921,-0.04637676938243273,0.1948092828259506,0.0031344798974075657,0.0495112492798403,-0.013832395057376073,-0.5,-24.490964889526367,0.004505989809501329
922,-0.04019319459124057,0.17216483434159682,0.0031344798974075657,0.04332767448864814,0.025722161909370905,-0.5,-25.308517456054688,0.017188943891631184
923,-0.034726115982053066,0.15233388295843195,0.0031344798974075657,0.03786059587946063,0.0739862418118632,-0.5,-26.029369354248047,0.02839815249715978
924,-0.029885880028259856,0.13500523644970228,0.0031344798974075657,0.033020359925667424,0.12515961730522737,-0.5,-26.679672241210938,0.03831821407478839
925,-0.025593140954942025,0.11987586546022033,0.0031344798974075657,0.02872762085234959,0.1752700150580907,-0.5,-27.250133514404297,0.047112663890422776
926,-0.021778429359498253,0.10666170149088512,0.0031344798974075657,0.02491290925690582,0.22178825521396506,-0.5,-27.752681732177734,0.054924767801903016
927,-0.018381423941464765,0.09510396331362497,0.0031344798974075657,0.02151590383887233,0.26328473166995126,-0.5,-28.193574905395508,0.06187895936942272
928,-0.015350060112039387,0.08497212664963251,0.0031344798974075657,0.01848454000944695,0.29913535910210004,-0.5,-28.57916259765625,0.06808263727286498
929,-0.012639574306718781,0.0760644820175903,0.0031344798974075657,0.015774054204126347,0.3292788633109712,-0.5,-28.918170928955078,0.07362811309100353
930,-0.010211553623962668,0.06820705329619607,0.0031344798974075657,0.013346033521370234,0.3540231857740278,-0.5,-29.213890075683594,0.07859456077002097
931,-0.00803303685735339,0.061251487113334745,0.0031344798974075657,0.011167516754760956,0.37389630090964104,-0.5,-29.484012603759766,0.08304986869623576
932,-0.006075694636951193,0.05507237793412273,0.0031344798974075657,0.009210174534358758,0.38953547655124016,-0.5,-29.723339080810547,0.08705233404979368
933,-0.004315102617666961,0.04956436918487677,0.0031344798974075657,0.007449582515074527,0.40160859315794684,-0.5,-29.93645668029785,0.09065216832470648
934,-0.00273011173969719,0.04463926779883332,0.0031344798974075657,0.005864591637104756,0.41076129535828365,-0.5,-30.131240844726562,0.09389280400863373
935,-0.0013023128259632066,0.040223327334022785,0.0031344798974075657,0.004436792723370772,0.4175842639338714,-0.5,-30.312297821044922,0.09681200689510644
936,-1.5588506571138255e-05,0.036254791362579454,0.0031344798974075657,0.003150068403978704,0.42259560520698974,-0.5,-30.47481918334961,0.09944280773812082
937,0.0011442569238147033,0.032681741677806964,0.0031344798974075657,0.0019902229735928624,0.4262341413464157,-0.5,-30.6209774017334,0.09723724449886609
938,0.002189800111111808,0.029460262332849492,0.0031344798974075657,0.0009446797862957576,0.4288601694395798,-0.5,-30.752609252929688,0.09519292984843102
939,0.0031322441422394673,0.026552907989369306,0.0031344798974075657,2.235755168098364e-06,0.4307609881859161,-0.5,-30.871278762817383,0.09335031034718026
940,0.003981616780703129,0.02392745110113481,0.0031344798974075657,0.0008471368832955635,0.4321591394721134,-0.5,-30.978347778320312,0.08999549275540954
941,0.00474693031107955,0.02155587496449509,0.0031344798974075657,0.0016124504136719843,0.43322186456060147,-0.5,-31.074987411499023,0.08866303209923973
942,0.005436310717273201,0.019413576843020686,0.0031344798974075657,0.002301830819865635,0.43407072893531407,-0.5,-31.162227630615234,0.08746731931710892
943,0.00605710272304017,0.017478745754821997,0.0031344798974075657,0.0029226228256326045,0.43479073106161187,-0.5,-31.24098014831543,0.0863910652604116
944,0.0066159560700413496,0.01573188194476985,0.0031344798974075657,0.003481476172633784,0.43543848783056993,-0.5,-31.31205940246582,0.08542264041567764
945,0.007118897354552485,0.014155428671429405,0.0031344798974075657,0.00398441745714492,0.4360492948405754,-0.5,-31.37618064880371,0.08455149257281243
946,0.007571390818839994,0.012733491076192534,0.0031344798974075657,0.004436910921432428,0.436643005119676,-0.5,-31.43401336669922,0.08376805034422288
947,0.007978390708257864,0.011451621119650734,0.0031344798974075657,0.004843910810850298,0.4372287672079014,-0.5,-31.48614501953125,0.08306363763808387
948,0.0083443871586392,0.010296651571773289,0.0031344798974075657,0.005209907261231635,0.43780872346082894,-0.5,-31.53311538696289,0.0824303966537516
949,0.008673447060668794,0.009256565650857942,0.0031344798974075657,0.005538967163261228,0.4383808013885303,-0.5,-31.577449798583984,0.08186121769408992
950,0.008969250944108768,0.008320392032605381,0.0031344798974075657,0.005834771046701203,0.43894074268806504,-0.5,-31.617591857910156,0.08134967462671222
951,0.009235126618426438,0.007478117568794598,0.0031344798974075657,0.006100646721018873,0.4394835127562765,-0.5,-31.65371322631836,0.08088996521038973
952,0.009474080080702057,0.006720612180765412,0.0031344798974075657,0.0063396001832944915,0.44000422289844654,-0.5,-31.686203002929688,0.080476855767282
953,0.009688824040753628,0.006039562068211147,0.0031344798974075657,0.006554344143346063,0.4404986819762796,-0.5,-31.715415954589844,0.08010562985503063
954,0.009881804302903622,0.005427408654696392,0.0031344798974075657,0.006747324405496056,0.44096367663184466,-0.5,-31.741680145263672,0.07977204069930795
955,0.010055224171389635,0.00487729163931274,0.0031344798974075657,0.006920744273982069,0.4413970614020749,-0.5,-31.765287399291992,0.07947226720676909
956,0.010211067001806089,0.004382995199929801,0.0031344798974075657,0.007076587104398523,0.44179772324991307,-0.5,-31.786497116088867,0.07920287340597489
957,0.01035111699586006,0.003938896854253438,0.0031344798974075657,0.007216637098452494,0.44216547001818557,-0.5,-31.805458068847656,0.07896077117151325
958,0.01047697832464282,0.003539918780579072,0.0031344798974075657,0.0073424984272352535,0.4425008794169688,-0.5,-31.822460174560547,0.07874318608290265
959,0.010590092661647784,0.0031814815735180437,0.0031344798974075657,0.007455612764240218,0.4428051344737707,-0.5,-31.837739944458008,0.07854762626102357
960,0.010691755207319787,0.002859460496318592,0.0031344798974075657,0.007557275309912221,0.44307986281982,-0.5,-31.85146713256836,0.0783718540148725
961,0.0107831292894922,0.0025701443187929377,0.0031344798974075657,0.007648649392084634,0.4433269905583445,-0.5,-31.863801956176758,0.07821386012290354
962,0.010865259626998754,0.0023101968199744057,0.0031344798974075657,0.007730779729591188,0.4435486165084149,-0.5,-31.874881744384766,0.07807184056749722
963,0.010939084346023326,0.002076621003612252,0.0031344798974075657,0.007804604448615761,0.44374690906744746,-0.5,-31.884841918945312,0.07794417553874816
964,0.011005445839835702,0.001866726034021808,0.0031344798974075657,0.007870965942428136,0.4439240255188197,-0.5,-31.893789291381836,0.07782941052481514
965,0.011065100562249817,0.0016780968575053458,0.0031344798974075657,0.007930620664842252,0.44408205208136325,-0.5,-31.901832580566406,0.07772623931021098
966,0.01111872784345028,0.001508566435533474,0.0031344798974075657,0.007984247946042715,0.44422296213764384,-0.5,-31.9090576171875,0.07763348871012231
967,0.011166937813915813,0.0013561904829587949,0.0031344798974075657,0.008032457916508248,0.4443485897042929,-0.5,-31.915557861328125,0.07755010487755491
968,0.011210278518249154,0.001219224578995744,0.0031344798974075657,0.008075798620841589,0.44446061517024943,-0.5,-31.921396255493164,0.07747514103021858
969,0.011249242296053542,0.0010961035007451708,0.0031344798974075657,0.008114762398645977,0.4445605605090214,-0.5,-31.9266414642334,0.07740774645505127
970,0.011284271501824102,0.0009854226181823618,0.0031344798974075657,0.008149791604416536,0.4446497914786163,-0.5,-31.931364059448242,0.07734715665967212
971,0.011315763630373992,0.0008859211848773201,0.0031344798974075657,0.008181283732966426,0.44472952469106425,-0.5,-31.93560218811035,0.07729268455145827
972,0.011344075908783302,0.0007964673592029546,0.0031344798974075657,0.008209596011375737,0.4448008378158835,-0.5,-31.93941879272461,0.07724371253606395
973,0.01136952941039964,0.0007160447952971265,0.0031344798974075657,0.008235049512992074,0.4448646815474892,-0.5,-31.942848205566406,0.07719968543781953
974,0.011392412741153223,0.000643740650520959,0.0031344798974075657,0.008257932843745657,0.4449218922967916,-0.5,-31.945926666259766,0.07716010415441393
975,0.011412985343461851,0.0005787348656547214,0.0031344798974075657,0.008278505446054286,0.4449732048524227,-0.5,-31.948699951171875,0.07712451996748494
976,0.011431480458348745,0.0005202905847923583,0.0031344798974075657,0.00829700056094118,0.4450192644940306,-0.5,-31.951187133789062,0.07709252943917601
977,0.0114481077821106,0.0004677455931852034,0.0031344798974075657,0.008313627884703034,0.4450606382300545,-0.5,-31.95343017578125,0.07706376983235769
978,0.011463055849966049,0.0004205046626386721,0.0031344798974075657,0.008328575952558483,0.44509782497927997,-0.5,-31.9554443359375,0.07703791499908053
979,0.01147649417558289,0.0003780327051087132,0.0031344798974075657,0.008342014278175325,0.4451312646246229,-0.5,-31.95725440979004,0.07701467168796194
980,0.01148857517221177,0.0003398486456172625,0.0031344798974075657,0.008354095274804204,0.44516134594502127,-0.5,-31.958879470825195,0.07699377622666673
981,0.011499435878323075,0.00030551993534216296,0.0031344798974075657,0.008364955980915509,0.44518841348297516,-0.5,-31.960344314575195,0.07697499154047543
982,0.011509199508126615,0.00027465763464649756,0.0031344798974075657,0.00837471961071905,0.4452127734367427,-0.5,-31.961658477783203,0.07695810447221091
983,0.011517976845122083,0.00024691200386228556,0.0031344798974075657,0.008383496947714517,0.44523469868238397,-0.5,-31.962841033935547,0.07694292337256725
984,0.011525867494853657,0.00022196854684331758,0.0031344798974075657,0.008391387597446091,0.4452544330359832,-0.5,-31.963905334472656,0.07692927593321895
985,0.011532961011296578,0.00019954445869015187,0.0031344798974075657,0.008398481113889012,0.44527219486387243,-0.5,-31.964862823486328,0.07691700723802943
986,0.01153933790976078,0.0001793854346840177,0.0031344798974075657,0.008404858012353215,0.4452881801412952,-0.5,-31.965721130371094,0.07690597801028004
987,0.011545070577832167,0.00016126280241299235,0.0031344798974075657,0.008410590680424601,0.4453025650497971,-0.5,-31.966493606567383,0.07689606303614363
988,0.011550224094664371,0.00014497094340492253,0.0031344798974075657,0.008415744197256806,0.4453155081921859,-0.5,-31.967187881469727,0.07688714974666881
989,0.011554856967862874,0.00013032497436826247,0.0031344798974075657,0.008420377070455308,0.44532715249236327,-0.5,-31.96781349182129,0.07687913694235735
990,0.011559021796252004,0.00011715866145218788,0.0031344798974075657,0.008424541898844439,0.4453376268363099,-0.5,-31.96837615966797,0.07687193364603426
991,0.011562765865968872,0.00010532254383358868,0.0031344798974075657,0.008428285968561306,0.44534704750050225,-0.5,-31.96887969970703,0.07686545807115372
992,0.011566131686573227,9.468224547719625e-05,0.0031344798974075657,0.008431651789165662,0.4453555194052719,-0.5,-31.969329833984375,0.07685963669397533
993,0.011569157473187673,8.511695614592906e-05,0.0031344798974075657,0.008434677575780107,0.445363137223121,-0.5,-31.96973991394043,0.07685440341920292
994,0.011571877580078795,7.651806470478197e-05,0.0031344798974075657,0.00843739768267123,0.4453699863657925,-0.5,-31.970104217529297,0.07684969882971605
995,0.011574322890548334,6.878792950040116e-05,0.0031344798974075657,0.008439842993140769,0.4453761438688371,-0.5,-31.970434188842773,0.07684546951195878
996,0.011576521167517282,6.183877214137272e-05,0.0031344798974075657,0.008442041270109717,0.44538167918839017,-0.5,-31.970731735229492,0.07684166744938943
997,0.011578497368748773,5.55916823779566e-05,0.0031344798974075657,0.008444017471341207,0.4453866549217193,-0.5,-31.970996856689453,0.07683824947715207
998,0.011580273930262265,4.9975723006786075e-05,0.0031344798974075657,0.0084457940328547,0.4453911274607037,-0.5,-31.971237182617188,0.07683517679181165
999,0.01158187102113739,4.49271248248125e-05,0.0031344798974075657,0.008447391123729824,0.4453951475855728,-0.5,-31.971452713012695,0.07683241451060886
